-- phpMyAdmin SQL Dump
-- version 4.8.5
-- https://www.phpmyadmin.net/
--
-- Host: 127.0.0.1
-- Generation Time: Jul 15, 2019 at 12:37 PM
-- Server version: 10.1.40-MariaDB
-- PHP Version: 7.1.29

SET SQL_MODE = "NO_AUTO_VALUE_ON_ZERO";
SET AUTOCOMMIT = 0;
START TRANSACTION;
SET time_zone = "+00:00";


/*!40101 SET @OLD_CHARACTER_SET_CLIENT=@@CHARACTER_SET_CLIENT */;
/*!40101 SET @OLD_CHARACTER_SET_RESULTS=@@CHARACTER_SET_RESULTS */;
/*!40101 SET @OLD_COLLATION_CONNECTION=@@COLLATION_CONNECTION */;
/*!40101 SET NAMES utf8mb4 */;

--
-- Database: `dbms`
--

-- --------------------------------------------------------

--
-- Table structure for table `appointments`
--

CREATE TABLE `appointments` (
  `ID` int(11) NOT NULL,
  `APP_DATETIME` timestamp NOT NULL DEFAULT CURRENT_TIMESTAMP ON UPDATE CURRENT_TIMESTAMP,
  `PATIENTS_ID` int(11) NOT NULL,
  `DOCTORS_ID` int(11) NOT NULL,
  `STATUS_ID` int(11) NOT NULL
) ENGINE=InnoDB DEFAULT CHARSET=utf8 COLLATE=utf8_unicode_ci;

--
-- Dumping data for table `appointments`
--

INSERT INTO `appointments` (`ID`, `APP_DATETIME`, `PATIENTS_ID`, `DOCTORS_ID`, `STATUS_ID`) VALUES
(330, '2019-07-16 09:30:00', 74, 14, 2),
(331, '2019-07-16 09:30:00', 74, 14, 5),
(332, '2019-07-16 09:50:00', 74, 14, 3),
(333, '2019-07-16 10:10:00', 74, 14, 2),
(334, '2019-07-16 10:30:00', 74, 14, 2),
(335, '2019-07-16 10:50:00', 74, 14, 3),
(336, '2019-07-16 11:10:00', 74, 14, 3),
(337, '2019-07-16 11:30:00', 74, 14, 5),
(338, '2019-07-16 11:50:00', 74, 14, 5);

-- --------------------------------------------------------

--
-- Table structure for table `appointment_status`
--

CREATE TABLE `appointment_status` (
  `ID` int(11) NOT NULL,
  `TAGS` varchar(250) COLLATE utf8_unicode_ci NOT NULL
) ENGINE=InnoDB DEFAULT CHARSET=utf8 COLLATE=utf8_unicode_ci;

--
-- Dumping data for table `appointment_status`
--

INSERT INTO `appointment_status` (`ID`, `TAGS`) VALUES
(1, 'Pending'),
(2, 'Declined'),
(3, 'Completed'),
(4, 'Canceled'),
(5, 'Accepted');

-- --------------------------------------------------------

--
-- Table structure for table `districts`
--

CREATE TABLE `districts` (
  `ID` int(11) NOT NULL,
  `DISTRICT` varchar(250) COLLATE utf8_unicode_ci NOT NULL
) ENGINE=InnoDB DEFAULT CHARSET=utf8 COLLATE=utf8_unicode_ci;

--
-- Dumping data for table `districts`
--

INSERT INTO `districts` (`ID`, `DISTRICT`) VALUES
(3, 'Baldia Town'),
(4, 'Bin Qasim Town'),
(5, 'Gadap Town'),
(6, 'Gulberg Town'),
(7, 'Gulshan Town'),
(8, 'Jamshed Town'),
(9, 'Kiamari Town'),
(10, 'Korangi Town'),
(11, 'Landhi Town'),
(12, 'Liaquatabad Town'),
(13, 'Lyari Town'),
(14, 'Malir Town'),
(15, 'New Karachi Town'),
(16, 'North Nazimabad Town'),
(17, 'Orangi Town'),
(18, 'Saddar Town'),
(19, 'Shah Faisal Town'),
(20, 'SITE Town');

-- --------------------------------------------------------

--
-- Table structure for table `doctors`
--

CREATE TABLE `doctors` (
  `ID` int(11) NOT NULL,
  `NAME` varchar(250) COLLATE utf8_unicode_ci NOT NULL,
  `FATHER_NAME` varchar(250) COLLATE utf8_unicode_ci NOT NULL,
  `EMAIL` varchar(250) COLLATE utf8_unicode_ci NOT NULL,
  `DESCRIPTION` varchar(250) COLLATE utf8_unicode_ci NOT NULL,
  `EDUCATIONAL_INSTITUTE` varchar(250) COLLATE utf8_unicode_ci NOT NULL,
  `AGE` int(11) NOT NULL,
  `GENDER` varchar(250) COLLATE utf8_unicode_ci NOT NULL DEFAULT 'MALE',
  `EXPERIENCE` int(3) NOT NULL,
  `D_PASSWORD` varchar(250) COLLATE utf8_unicode_ci NOT NULL,
  `CONTACT` varchar(250) COLLATE utf8_unicode_ci NOT NULL,
  `ADDRESS` varchar(250) COLLATE utf8_unicode_ci NOT NULL,
  `PICTURE` varchar(250) COLLATE utf8_unicode_ci NOT NULL,
  `CREATED_AT` timestamp NOT NULL DEFAULT CURRENT_TIMESTAMP,
  `SPECIALIZATION_ID` int(11) NOT NULL,
  `DISTRICT_ID` int(11) NOT NULL
) ENGINE=InnoDB DEFAULT CHARSET=utf8 COLLATE=utf8_unicode_ci;

--
-- Dumping data for table `doctors`
--

INSERT INTO `doctors` (`ID`, `NAME`, `FATHER_NAME`, `EMAIL`, `DESCRIPTION`, `EDUCATIONAL_INSTITUTE`, `AGE`, `GENDER`, `EXPERIENCE`, `D_PASSWORD`, `CONTACT`, `ADDRESS`, `PICTURE`, `CREATED_AT`, `SPECIALIZATION_ID`, `DISTRICT_ID`) VALUES
(11, 'Syed Aamir Ali', 'Syed Masood Ali', 'alisyedaamir123@hotmail.com', 'Lorem ipsum dolor sit amet, consectetuer adipiscing elit. Donec odio. Quisque volutpat mattis eros. Nullam malesuada erat ut turpis. Suspendisse urna nibh, viverra non, semper suscipit, posuere a, pede.', 'SINDH UNIVERSITY OF MEDICAL SCIENCE', 35, 'MALE', 3, 'amirALI123$', '0304-5094429', 'Block L, North Nazimabad Karachi. ', 'amir.jpg', '2019-07-15 09:05:19', 13, 16),
(12, 'Syed Faizan Ali', 'Syed Masood Ali', 'alisyedfaizan123@gmail.com', 'Lorem ipsum dolor sit amet, consectetuer adipiscing elit. Donec odio. Quisque volutpat mattis eros. Nullam malesuada erat ut turpis. Suspendisse urna nibh, viverra non, semper suscipit, posuere a, pede.', 'DOW UNIVERSITY OF MEDICAL SCIENCES', 30, 'MALE', 1, 'amirALI123%', '0302-8569232', 'Block 4 Shah faisal Colony.', 'faizan.jpg', '2019-07-15 09:11:02', 22, 19),
(13, 'Ali Akhtar', 'Ali Sahab', 'nonsenese@gmail.com', 'Lorem ipsum dolor sit amet, consectetuer adipiscing elit. Donec odio. Quisque volutpat mattis eros. Nullam malesuada erat ut turpis. Suspendisse urna nibh, viverra non, semper suscipit, posuere a, pede.', 'SINDH UNIVERSITY OF MEDICAL SCIENCE', 45, 'MALE', 5, 'syed123$', '0333-8569232', 'New KArachi.', 'Daniel.jpg', '2019-07-15 09:15:28', 16, 15),
(14, 'Rahul Shankar', 'Shankar Sahab', 'rahulshankar123@gmail.com', 'The history of the administration of Karachi begins in 1846, when a cholera epidemic threatened the 9,000 citizens of the city. The efforts to combat this infectious disease were coordinated by a Conservancy Board. In 1852, the Conservancy Board beca', 'DOW UNIVERSITY OF MEDICAL SCIENCES', 32, 'MALE', 4, 'amirALI123$', '0333-5034229', 'The history of the administration of Karachi begins in 1846, ', 'rahul.jpg', '2019-07-15 09:28:56', 24, 6),
(15, 'Umais Bhatti', 'Kalim Bhatti', 'umaisbhatti33@gmail.com', 'Lorem ipsum dolor sit amet, consectetuer adipiscing elit. Donec odio. Quisque volutpat mattis eros. Nullam malesuada erat ut turpis. Suspendisse urna nibh, viverra non, semper suscipit, posuere a, pede.', 'SINDH UNIVERSITY OF MEDICAL SCIENCE', 34, 'MALE', 2, 'amirALI123$', '0304-5094429', 'Lorem 2 is a lorem ipsum generator brought to you by Manoverboard, a purpose-driven design studio based in beautiful Canada.', 'umais.jpg', '2019-07-15 09:43:52', 25, 13),
(16, 'Varun Dhawan', 'David Dhawan', 'varun234@gmail.com', 'Varun Dhawan is an Indian actor.  The first eleven films in which he starred were commercially successful, establishing Dhawan in Hindi cinema', 'DOW UNIVERSITY OF MEDICAL SCIENCES', 33, 'MALE', 3, 'amirALI123$', '0313-2099657', 'Varun Dhawan is an Indian acto', 'varunDhawan.jpg', '2019-07-15 10:13:24', 6, 9);

-- --------------------------------------------------------

--
-- Table structure for table `doctors_specialization`
--

CREATE TABLE `doctors_specialization` (
  `ID` int(11) NOT NULL,
  `SPECIALIZATION` varchar(250) COLLATE utf8_unicode_ci NOT NULL
) ENGINE=InnoDB DEFAULT CHARSET=utf8 COLLATE=utf8_unicode_ci;

--
-- Dumping data for table `doctors_specialization`
--

INSERT INTO `doctors_specialization` (`ID`, `SPECIALIZATION`) VALUES
(3, 'Allergist or Immunologist'),
(4, 'Anesthesiologist '),
(5, 'Cardiologist '),
(6, 'Dermatologist '),
(7, 'Gastroenterologist'),
(8, 'Child Specialist'),
(9, 'Hematologist/Oncologist'),
(10, 'Internal Medicine Physician'),
(11, 'Nephrologist'),
(12, 'Neurologist '),
(13, 'Neurosurgeon'),
(14, 'Obstetrician'),
(15, 'Gynecologist'),
(16, 'Nurse-Midwifery'),
(17, 'Occupational Medicine Physician'),
(18, 'Ophthalmologist'),
(19, 'Oral and Maxillofacial Surgeon'),
(20, 'Orthopaedic Surgeon'),
(21, 'Otolaryngologist'),
(22, 'Pathologist'),
(23, 'Pediatrician'),
(24, 'Plastic Surgeon'),
(25, 'Podiatrist'),
(26, 'Psychiatrist'),
(27, 'Pulmonary Medicine Physician'),
(28, 'Radiation Onconlogist'),
(29, 'Diagnostic Radiologist'),
(30, 'Rheumatologist'),
(31, 'Urologist');

-- --------------------------------------------------------

--
-- Table structure for table `doctors_time_schedule`
--

CREATE TABLE `doctors_time_schedule` (
  `ID` int(11) NOT NULL,
  `START_TIME` time NOT NULL,
  `END_TIME` time NOT NULL,
  `DISTRICT_ID` int(11) NOT NULL,
  `ADDRESS` varchar(300) COLLATE utf8_unicode_ci NOT NULL,
  `DOCTORS_ID` int(11) NOT NULL,
  `AMOUNT` int(11) NOT NULL,
  `DAYS` varchar(250) COLLATE utf8_unicode_ci NOT NULL
) ENGINE=InnoDB DEFAULT CHARSET=utf8 COLLATE=utf8_unicode_ci;

--
-- Dumping data for table `doctors_time_schedule`
--

INSERT INTO `doctors_time_schedule` (`ID`, `START_TIME`, `END_TIME`, `DISTRICT_ID`, `ADDRESS`, `DOCTORS_ID`, `AMOUNT`, `DAYS`) VALUES
(68, '14:30:00', '17:00:00', 6, 'C-236 site west karachi.', 14, 150, 'TUESDAY,WEDNESDAY,FRIDAY');

-- --------------------------------------------------------

--
-- Table structure for table `feedback`
--

CREATE TABLE `feedback` (
  `ID` int(11) NOT NULL,
  `COMMENTS` varchar(250) COLLATE utf8_unicode_ci NOT NULL,
  `RATING_ID` int(11) NOT NULL,
  `APPOINTMENT_ID` int(11) NOT NULL
) ENGINE=InnoDB DEFAULT CHARSET=utf8 COLLATE=utf8_unicode_ci;

--
-- Dumping data for table `feedback`
--

INSERT INTO `feedback` (`ID`, `COMMENTS`, `RATING_ID`, `APPOINTMENT_ID`) VALUES
(6, 'He is more freindly  and treat his patients well.............. ', 4, 336),
(7, 'This is a second comment...............', 1, 335),
(8, 'Bhai ye acha raha..................', 5, 332);

-- --------------------------------------------------------

--
-- Table structure for table `history`
--

CREATE TABLE `history` (
  `ID` int(11) NOT NULL,
  `APP_DATETIME` varchar(250) COLLATE utf8_unicode_ci NOT NULL,
  `PATIENTS_ID` int(11) NOT NULL,
  `DOCTORS_ID` int(11) NOT NULL,
  `STATUS_ID` int(11) NOT NULL
) ENGINE=InnoDB DEFAULT CHARSET=utf8 COLLATE=utf8_unicode_ci;

-- --------------------------------------------------------

--
-- Table structure for table `patients`
--

CREATE TABLE `patients` (
  `ID` int(11) NOT NULL,
  `NAME` varchar(250) COLLATE utf8_unicode_ci NOT NULL,
  `FATHER_NAME` varchar(250) COLLATE utf8_unicode_ci NOT NULL,
  `EMAIL` varchar(250) COLLATE utf8_unicode_ci NOT NULL,
  `AGE` int(11) NOT NULL,
  `GENDER` varchar(250) COLLATE utf8_unicode_ci NOT NULL DEFAULT 'MALE',
  `ADDRESS` varchar(250) COLLATE utf8_unicode_ci NOT NULL,
  `P_PASSWORD` varchar(250) COLLATE utf8_unicode_ci NOT NULL,
  `PICTURE` varchar(250) COLLATE utf8_unicode_ci NOT NULL,
  `DOB` date NOT NULL,
  `CONTACT` varchar(250) COLLATE utf8_unicode_ci NOT NULL,
  `BLOOD_GROUP` varchar(250) COLLATE utf8_unicode_ci NOT NULL,
  `CREATED_AT` timestamp NOT NULL DEFAULT CURRENT_TIMESTAMP
) ENGINE=InnoDB DEFAULT CHARSET=utf8 COLLATE=utf8_unicode_ci;

--
-- Dumping data for table `patients`
--

INSERT INTO `patients` (`ID`, `NAME`, `FATHER_NAME`, `EMAIL`, `AGE`, `GENDER`, `ADDRESS`, `P_PASSWORD`, `PICTURE`, `DOB`, `CONTACT`, `BLOOD_GROUP`, `CREATED_AT`) VALUES
(74, 'Hassan Ali', 'Syed Masood Ali', 'hassanali123@gmail.com', 34, 'MALE', 'Lorem ipsum dolor sit amet, consectetuer adipiscing elit.', 'amirALI123$', 'Hassan.jpg', '2006-01-31', '0313-8569255', 'AB+', '2019-07-15 09:19:40');

-- --------------------------------------------------------

--
-- Table structure for table `payments`
--

CREATE TABLE `payments` (
  `ID` int(11) NOT NULL,
  `AMOUNT` int(11) NOT NULL,
  `PAY_STATUS` tinyint(1) NOT NULL DEFAULT '0',
  `APPOINTMENT_ID` int(11) NOT NULL
) ENGINE=InnoDB DEFAULT CHARSET=utf8 COLLATE=utf8_unicode_ci;

-- --------------------------------------------------------

--
-- Table structure for table `prescription`
--

CREATE TABLE `prescription` (
  `ID` int(11) NOT NULL,
  `FILE_PRESCRIPTION` longtext COLLATE utf8_unicode_ci NOT NULL,
  `APPOINTMENT_ID` int(11) NOT NULL
) ENGINE=InnoDB DEFAULT CHARSET=utf8 COLLATE=utf8_unicode_ci;

--
-- Dumping data for table `prescription`
--

INSERT INTO `prescription` (`ID`, `FILE_PRESCRIPTION`, `APPOINTMENT_ID`) VALUES
(49, 'data:image/png;base64,iVBORw0KGgoAAAANSUhEUgAABIwAAANOCAYAAABz0ZeeAAAgAElEQVR4XuzdfZhkV30f+HOq1S+SPRAzIxuTh1VY2BGarm4gY1YhPA7a4BfkaEViLwTLNrBShGNsRwTkSDEYx/gN2bJjgr1OJEtGOFZ4sbEhMiJ28A7xKqzAHUR39QyahRg9eG2CBCweR3RPq+vsczp1O7fv3NtV1dNvNf3pf6Seuvfccz/nVkn1nXN+JwY/BAgQIECAAAECBAgQIECAAAECBEoCkQYBAgQIECBAgAABAgQIECBAgACBsoDAyPNAgAABAgQIECBAgAABAgQIECCwQUBg5IEgQIAAAQIECBAgQIAAAQIECBAQGHkGCBAgQIAAAQIECBAgQIAAAQIEmgXMMPJ0ECBAgAABAgQIECBAgAABAgQIbBAQGHkgCBAgQIAAAQIECBAgQIAAAQIE6gOjdrt9fQjhriF8/iSE8NkQwh/EGN+9sLCQf09DnD8Sh87MzPyPKaXvmpyc/JW5ubnHR6LTW+zk9PT0U1qt1ntTSn+72kSM8c9SSld3Op35LTZ/oE47evTokfHx8ftijFcWN55SundqaurG3X6OnvWsZ01efPHF162urp48efLkgwdqIHbgZmdnZ7+m2+3eMDY29qFPfvKTp7fhEvGKK674H8bGxv5uCOHbQgh/PYTw1F67KyGET4UQTsQYf/vw4cMPnDhx4oltuOa+aGIHLPfFfekEAQIECBAgQIAAgQtBYH2G0RYCo+r9/+7q6urrTp069ciFANP7InNTCOHHUkrv24sv+rvtODMz86KU0h+EEMbrrp1S+sHFxcX/Y7f7NYrX2yeBUZyenv6mEMIvxBi/OcZ41cLCwkdG0XOf9Lk1MzPz7Smlf9F7j+QA9dT59K3dbn9DjDF/xrym6X1Xaf/TKaUfWlxc/P0RD+i33fJ8xsG5BAgQIECAAAECBAicK7CdgVFu/ZFWq/V98/PzfzTC2OUvMs/K97FXM0N20/Cqq6666NFHH70txvj6Ta77BxdddNHLH3roof9vN/s2itfa68CoLogQGG39SerNNPyFEEKeBbT2WRdCOK/AaHZ29vJut/vOEML/PGTPVmKM37+wsPCOUQyNdsJySD+HEyBAgAABAgQIECAwgMB2B0Y5XDmdUvrOkydPLg5w/X13SLvdviKEcH8I4bKicwchMHrOc57zV1dXV+8LITx3k0E5E0J4SafT+Y/7buD2WYf2OjCanp5+a4zxljKLwGhrD8nx48cvWVpaujPGeF2phfMKjI4dO/a1rVbrzhDCK7bWq/DlVqv1svn5+Q9v8fw9OW0nLPfkRlyUAAECBAgQIECAwAEQ6BcY3dDpdO6uOLSmp6f/Sozx2SmlG2OM31OzlOJ3JycnXz03N/eVUTM8qIHR9PT0K2KM/6Y0Xl8IIbwrhPCPKmP4pk6n8zOjOLNh1J7F8+mvwOh89DaeuxMhx/T09EtijB+ofHZ+Ocb4czHGfz0/P/9nIYRuvvbKysoLut1ufs9VZyK9r9vtvurkyZN/uX13u7Mt7YTlzvZY6wQIECBAgAABAgQOrsBWAqOyVpyZmbk2pfTrIYSvK72Ql0x8z8LCwntHjfYgBka5KPLU1FSuTZQLn6/9pJTeH0L48V6IlGddFT8fHR8ff+knPvGJR0dtbA9SfwVG2zfaOxByxHa7/XMhhJtLvTyTUnrZ4uLiv6vrebvdfnqM8f0ppeeVz+l2u986SoXMd8By+wZaSwQIECBAgAABAgQIbBA438AoN5ZDo1tSSj9bse37t9+5bs4Xv/jFF6aUXhlC+JshhGf32vh8CCEve7r70KFDf/jRj370q4OOW29HqBenlG4IIeQvV8/onZt3cftEU5vDFP3ebGnPsWPHntpqtV4eQviuEMJML0jLOx3l3cX+bYzxN/rtKNcrPn2idM9ry19ijCml9BMhhG8NIXxtCOGPU0pvX15eft+nP/3p5UGNqse12+3ZGOP9KaWnFa/lAtcppV8bGxv75TyTrHTOSkrp2sXFxQ9tdr2me+h0Og9PT09nl9fGGPN95PFZSil9vNVq/XqM8T3z8/P/ta7tui+bKaXbFhcXbz1+/PiTz549+53dbvd/jzE+P4QwFUL4k1zEe2xs7O3z8/N5ieRAu/jltpaWll4aY/z7lR2rPpVSyssV71lcXFzIM0CaDAZdklYXUBbPV25jYmIiL4PKy5Zy8epcjDzf0+92u91fPXXq1KfL91R3zab+lZdZVsOl4rWvfOUrq5OTk98WY/zB3uyWHArn99G7LrroojseeuihvEvi2k9+3/WO/aEQwt/q+c+nlN4bY7yz0+n8lwGez9bs7OwLu93uq0MI31HaKWzNfWxs7O5+49h0L3Nzc0s1bS+FEP5DDryf9KQnvb/6OVM3Npt4rj2HA9xjaAhN5rrd7jUnT57Mn321P+12Oxfh/6Xyi7lY9uLiYl7aFqanp/N76lcqJ7+u0+m8ranNup0Rc1j8xBNPfN/DDz+cl6AWPznkyp/PL8+7JcYYn9Mb4/x6sZNb/nx9T91n9nZY5o0IVldXv6s3q7V4xtY+O2KMv3X27Nl7T58+/dgmfht2Ak0pPbiysnLN6dOnv9R7NvJz/qLec/f5lNIHaj47imc0P+f582vtPZHfk61W65cXFhb+8yDPgGMIECBAgAABAgQIjILAdgRGod1uPzOl9MEY49HSTW9W4yOHTN+cUvrlXqiymdXnY4xvWFhYyMujGr+g974wPT+HDiml6c0ajDEu5mBhcXHx48Vx5xsYPetZz3rS5ORknpHz2tIXqaZuvHdlZeV1Dz/8cF52cs5PXdiSUspfRn+iYpzP/UK3233JyZMn85e1Lf1Uv2jGGP8sfynsdDrz09PT/1uMsTpT7O1Hjhx5/Wbbe9fdQ7fbfXmr1cpLGKvL3Mr9/li3272+rgZWU2A0Njb2e91u9zfKdacqEDnketPy8vLbNgvWeqFH/tL9Y5UZc+e4ppT+KKX0A021us4nMEop/e1Wq/WNKaVcZLnYXr3ah/wl/UePHDnyS8U4bGdg1Asm1nZXa3ioPt9qtb4319CZnZ39+tXV1TtijC9tOLZvMfwrrrjisrGxsRyGFEWl65rKMxfvWFlZ+fFPfepTX6w7oC4w6s2Uy0u6XrbJG+RjrVbrlfPz8w+XPhPOqWfWdH4RXA7yBjx27NhETRDbtz7YsWPHrmy1WnkXw0PFdcrXbZgdWRf+rHezoc0NuyHmz7apqam35JB30J3c8ufryZMn/69tssy7/eXgMv/3Ym0jgqZnMsb4Tw8fPvyv6z6bqp/xOTCKMebd6d60ybORA6nvX1xc/I1jx459TavV+ulNPr++nFJ67eLi4rsHDacHeV4cQ4AAAQIECBAgQGCvBLYlMGr4G/O8rCkvsfitys3l//n/vhjjvxogWClOzV8Uf+rw4cM/0xRSzM7Ovrjb7eZgo7w0rtG1Wpz7fAKjK6644hvHxsbyjkXfNuhA9kKrly8uLp6snlMTtuQvk3nWTV14cF47l11++eWHLrroot+ofNlfnx02Ozv7jG63+3shhPKytFOtVuvvzM/P59kmtT819/CFlNJCjPHF/YyaCqc3PGcfTSkdrgnSzrlMSuktl1566U/WPUO9IsQ5sMgz0wb9WQ9NqiecT2CUZ6Ll4uIDfDnPodHf63Q6eXzCdgVGIYT/t3ftr98MIo/T2NjYa7vdbg7Y8syMxp8Y4ydSSi/tdDqfqx40PT19rNVqvadf0Fs67yOrq6vfferUqT+vaWtDse/edcdCCLMDDOqG2mvbMSum6Zp1s4VCCHnG2OuOHDny7zYLY5varFta2i9QbrfbPxpCyCFI8bMh6O+9534lxphnfQ38U/P5utXwbej/XjS9z2s+478cQviLTYLm4n5zEPTqGGOeNZpnw272nP9ZjPF/nZ+f/08DYzmQAAECBAgQIECAwD4V2JbAKN/bzMzMT+ZZHJX7fGOvQPL6Hw8b7JTaa9xKemZm5tndbvf9g4QGlf79fkrpuxcXF7+01cCoFzTkZSCbfpFoGP/aL741Yctmj885xsM8a+12Oy8FzMvL1mct5NCkKHbeMBsih4HZLc/6qv0Z8h7q2lgfm+LFpmByiPutra2Vl0Y++uijPxZjfPMQba0d2hRunWdgNEw31sO9bQyMhrn+wMfmZY6Li4u5Vtb6T14S1auTNXDY2jv5Xy0tLd1UnTFWV7tp4A6GsGG55Q4HRpsFKHlZWg6//934+PjHPvGJT+RlVgMtp6ybEVjnnk2e+9zn/pUnnnjiPb2lVQXT3UtLS68tXGuKc+eQ5Y0ppXfnz828JPl5z3vekSeeeOIfppRycJiXTZ7T1lYtZ2dn/0a32/3goH8R0Ltw7ft8mM/4IZ6Zcw5NKf3ipZdeestWQr/zua5zCRAgQIAAAQIECGy3wLYFRg3/M357p9P5J8WXnV59nzxdP9efWP+JMf5hCOGfHD58+JMnTpxYnZmZeUZK6Ud6sz3Wv4DkpVLVv73tfdm/Lcb4+grO77VarTfMz8//P1dddVXrscce+/YQQg52Lisdd84Xi2GLXjfcd17G8E9DCO/MX6pe8IIXXHzmzJk8YyQXuq0uqXjbkSNHbi5/uRgibDlznkVvc12SPMPgp0om5ywlbLfbfyeEcF/Fd8MXy+qDuck9ZPOf7Ha7v5JtevWCct2hXAMr1x1a/6mGUn0Co4/FGF93+PDhj584caI7Ozv73JTSz+flXdVnrdvt5plv+cvu2k8vxPydSmiWZ+/8i5WVlV98+OGH//yqq64ae/TRR/PyrLwssLpM65xdAbchMNrgdPnllz9tfHw8fyH/hxXrz4yNjX3HJz/5ydPlPx+m6PUmIcv6e2h2dvbibrf7zyqFmsvv4bzD3ptyfa7LL7/8G8fHx/NyuuqW8e/8y7/8y+//7Gc/m2sHrf00vH/WxzIf88UvfvH5KaU8+6u8S1jtEq5N7mVDmw2fByHPZFxYWMjO6z87VKg5L8t9dUopz7QshyzVt1L+PYc0eRbZ+yYnJ/9ws90ne89JLlifa14VP7X15BqWo20Igmv+IuDdrVbrhmqdsfw5/Nhjj+Vlf3kmV67z9cDk5OTJubm5x7dqucn7/V+GEH6m0+n8aW+ZWK419vPlUCn/N6X6Pt8kMFp/Nv70T/90bHJy8h/EGP953bjkdmOMPzI/P//Q8ePHDy0vL+e/JCkXL8+3+0Cvztv6Z0zdoPozAgQIECBAgAABAvtdYEcDo3Jh3QxRs3V7/uN3drvdH6xuDd0066P6t7cN9ZNqZ+70go8cDNT+LXjvC+w5f/NfvY9iUOsKxuYvd61W62W5tkt18I8dOzYdY3xfeSZUuV5QcfwmYUuus3LT/Pz8x/rVcxrkwWv4cnlOEPSc5zznr66urubA6LmldjerUZVnnL0opVQu3F2c+g96s5fKMyaavjxv+KK7yRfIB1ZWVl5erQnVWyqYg4zycqkNs0galvE0zmYbpM18o9sQGP2jTqeTa7asOzU8b7Wh4TYERueYNjwH+XbPCcyOHTv2vFarlWeulZe1bQgb6pZD5qWavaVrnyk/w7Ozs+1ut5ufwfXAt24mR8N91y6Hq/s8ygW6V1dXf+jkyZNni+vvUGAUeiHL63L4MUBoVHQnh22/GWP8mboCy3UBet1nTO+zrroc7aGxsbFrPvnJT+YliWs/NZ4PhBC+u25p4SCfOcNYNjxDdTPLcvCdC1r/WqkP5xTnbwiMcn2ta+bn5zvFuQ3LdHOYeM5z1PCe+OPekt0vDGLiGAIECBAgQIAAAQL7VWDXAqO6Lwp1M4bKUA1fkDd8qWkoyry+pKrypfPru93uO0MI/yXGeGJ1dfVjF1988Z+U/xZ8mBlGvVAkF6EtB1DnzBiq3NMrektwyn+8YSejhrDlTKvV+nt1QdRWH66a5Sa1S816X2x/MYTww+VrNS11ycfU3UPd3/qXvpg+pdVqvbcyI2hDraRNamU1Lo9rCCnXl/E1LJU5JwAp33fDMr4NhcDPMzA654t77/p127HnL7JXLSwsfKTynG2o5ZNfa9rdr2FWzjm7a+Vdqrrd7l0hhDyjY/2nbnliw/0Xu1Kt7WSVA9RWq5Vnozy91NybestYNyzBangGz5nJMei9NF2/LhweJuTYwnsxzs7OPq9XByrP5Os326i4RGOB5brns/perVuOVhfA1dQ4ytf/cozxnrwD3uTk5EPVWUSbGQxjOT09fWMucl5qr7EweF1wU50t1hAY1RXwr32f5Rl01WdzmPvZwrPhFAIECBAgQIAAAQJ7KrBrgVHd/9A3bN+8AaRmScRKt9v928UOPDVfaM5rmdYwgVFD4dpriiLEdSP7nOc85+jq6mquyfHM0usbluo0BEbnVdy62pe62kS5Hk+M8Ts6nc6G2R353LplaZuNX8M9bFiiWO1TzZf9DWPd8OXsc91u9+qm3coaAqF174bldn23Io8xfiCE8MLSPWwIL84zMKpd9pOvVVcrbCcCo7o2G/xrd+kbJDBqsK8Ne3vP4IZt0UMI58xyqwuMWq3Wt9QFrXXvxT0IjNYfobxkN8aYdwPLO8VdNUDdntrZjA1B+4bZejWzd/Ksum+tBo/tdns2xnh/Sulpm/yXar63S+a/7Xa7f1yenVU9Z9CApSEgbJzV2LCD4r1TU1M3FoFWQ2BU+7w1BI/nfLYPej97+l95FydAgAABAgQIECCwRYEdDYxCCOt/e9sQxNy2uLiYt4tv/Kn7n/zy7ms1/2O/6VKpfk7DBEZbuXZDYeINYVBD2NJ3K/t+91Z+vWEpX2NdooalF43hXMM9NIYBDYHAhlkxDV8KN8xaqRr0C27qnq+mmThF2w1fEjfMhup33aKtfoFW9X4G7e95LkmrHddhvhwPGBhVA6BhHuG1Y6tj1S90LF9g0DEa5r6HvoHmE9aKSa+srOS6Tbn+2jUhhGdUD2+atddv97Nq2L3J7L9hdynL9ZZyYfO3dzqd/7LVwGgbCtzn2ZIbPhv6/bek3NdB3z979Gxs42OmKQIECBAgQIAAAQKbfCkpfXGt+/K26Rf8crMNMx/WC8huZ2BU3sVrK6HNZg/EXgRG1S82dWFLSqlvuDbMg76NOwbVLiE6gIHRhqBy0DBi2PfFLgVGtaHrMF+O91Fg1BggDzpGw9z3MO/BIY9tzczMvCSllMOYauH+QWcGrX2eN9ToqX0fF32cnp4+FmN8Swjh2gGXzeXaQN83Pz//R+X7HNRytwKjYZZpDjHr7rz+0mLI58LhBAgQIECAAAECBHZMYFtmGDVtvZ63mu90Or+Rez/sF+M+Qdb60oALJDB6/xNPPPF9Dz/8cK7R0VQwetNlUsM8IceOHfvaVqt1TwjhO4c5r+7YppkJDYHReu2gurb6hSGDzOypttsvFOh3zbp+NvRjQ92hftctPd91RdYbw8FB+zvoDIncj0HfQ4N+2c9tCoya31k13rXL+upaqKvJlVJ6zeLi4p3l4+ve48Vyu69+9auXVwqSD3z9vKvh8vJy3nkwf3bkmktf13SndUWiB32GBEbn+8nsfAIECBAgQIAAAQLnL7AtgVHDcqUNX0K2WMMoFx/96RBC3qK++NmwXKauKOtmS4ra7fY/y4WVc12Obrf7RzHGk4uLi3kZxVqR3WFmGG2lhlFd+9WdmbYyO2eYR6Fh96Fhmigfe85uRPnFhqLX5+xAVW6oZpbahrFu+BK5ac2qujo1Ze+t1DB63vOed+nKykreuvwFpf5vWFYoMDp6ZHx8/L4Y45WFUXUmXV3B+qZ6Q4M+nIOGX5uEWhvq3uTjBg05Bu3jMLV0qm0OM/uwJlxam/kSQvi2EMIvldreUN9o0PsIIbRmZ2eftrq6+jdCCH8vxphDpKnK+et/aTCMZcNfQpzX7mODhq25n4MGrtv9bAxh71ACBAgQIECAAAECOy6wLYFRw05UfbdE77dLWi4C22q13h1C+FsliT9eWVl5abGF+jBf+BuWYmwItoYJjLayS1pDHY0fXFxczEtN1n52ODDKIVzeTvuntuvpqttdqeEeFvKshLotuRvGZtBd0l6/uLiYvwBv2Fkr31/D83Feu6TNzs6+uNvt/k4I4VApDPnFSy+99JYTJ048MUwYMezMu0G/9A76hbfhy/GuLElrCC7PaybdKARGx44du7LVauXdFdefnxDC7/d2m/vSZu/Lhs/aWrO6OmUxxjd0u92/FWN8aenZ3fD5s9XPhd57Lb8v1nd6qy6lHSZgqQnkB54JVXcPg753BEZbfQKcR4AAAQIECBAgcKEJnHdglHfRydsrxxiPlnDyjjvfs7Cw8N4y2PT09GtjjL9SQXxnt9v9wZMnT/5l+c/zLjmPPvroj8UY31z+82o40fCl6BMppZdWg4m6L/ohhA0zQ4YJjC6//PKnjY+P55km31TqY+3ORfn1vI14jPF9ZascmqWUru50OvNFGzsZGDXsoNS0jfs5z3vDlvLnnN9wD7kQ7VsuvfTSnyyCld4FcmHdvx9jfGfly+aG2R5Ny1Ty7m4ppe+s7pT27Gc/+/BFF130b0II31p5NtdrvjQsz8vP7/cvLCy8oxpCXXHFFd84NjaW23xRuc2U0rWLi4sfKv7MDKOBZhg9pdVqvTfP+Cvc8jKmsbGx73zooYc+u5UP2xEJjGqXhOZt4L/61a/+1Kc//enlhsDj6SGEvMR302evOLdhp7GvhBAmi5lAm+2MmGuKT09Pf12r1ZpJKf0vvXH6eDkYLfez7rOhurX9kIHR3wwh5PdUOVh7+9LS0o80GW32zAiMtvKOcg4BAgQIECBAgMBBFthSYJSXC7Rarfzl5e+HEH44hPDUCuLvTk5Ovnpubi5/OVn/abfbT48xvj+l9LxKCPRHrVbrlsOHD3/8xIkTqzMzM89IKf1ILm5dKbB6zsyHXrB0W4zx9ZU+fCzG+LrcZv7zL3zhC39jbGzsX6aUpivX3vC367Ozs1/f7XZ/rxICPdAr4PpIXoJx9uzZr37qU5/6Yv5C1W63fyiE8C8q114KIfxkSulfLi4ufukFL3jBxWfOnHlJCOHnQgjPKh+bv1AdPnz4J8oByk4GRnWzoupmCDW9KRoCpxwEvWxxcfG3ivOaAqMQQg5j7sgzDzqdzp8eO3bsa1qtVn6Ofr5aD6U34+JdRZt96pp8OoTwum63+wcnT558YnZ29n/qdru/0Kuzsn47dTWX6mZGVPt51VVXjT366KPfHEL4iRhj/uf6T91W7PsgMLoxO1fG8QeOHDnya2fOnJlYWlp62qWXXvrZ/NwNGrIM82V/kBpGm7x/PpZSuvXSSy/9o9y/HOqNjY1dm8PGEMInU0p/mFI6cfHFF/9JsWV6cZ+D3ks+ftAx6vUzv3dvLnnmemPf3el07n/uc5/7pNXV1acsLCz850H/YzIzM/OylNJv1hSQzp89t09OTn6sd29ru6U98cQT16SU8szA6ufHH3a73fzeq52ZND09/ZIY4wc2KVTduDNi/suAvHQ3pfS00n2tvX+feOKJnz916tTnQgjd/N+Diy666Ju73e7PhBDyrm7ln+pW9PkzcyDLXr2kHNr+3cpnZq7X9NaFhYU/yX9++eWXf+PExMSPpJTyZ+z/mZ+PGOODR44c+fPy56rAaNCn03EECBAgQIAAAQIE/ptAv8BoaKem2R6lL3SvjDH+2oA77ZSv3zjrY2Zm5tndbvf9lVlOffuew4MY43fPz89/odS/p/S+YL2wqYFyjaQcMKWU/k15lkTfC//3Az6yurr63adOnfrz8jk7FRg1hGu1NYg2uYemJW0bvnhuEhgNynNO6LgNhXBXcq2VTqeTv5Sv//Ta/ZUY46sH7VxxXNPzPmgYsVNL0trt9veFEPKMrdqfcsg1aMiyA4FR/rKfZ+m9J4TQ+H7bZEz+1dLS0k3l2SaD3ktuc9AxysfW7QJZ7tewuxiezzNXum7tTM5yvxrqba0fUg16y+f2ZijlkK5cQ27gt0jd5+uwltPT098eY8wzVcuzjAbpwzk2AqNB2BxDgAABAgQIECBA4L8LbHdgVLuVcvVLyKOPPvqaGGOuObNe66LPoOQv+j965MiRX6osZVo/rbfcLH+xaNy1p3KNz7dare+dn5//cE3/6mYslQ9b2566+IPZ2dlndLvdvFRkmC+9H2u1Wq+cn59/uHrvOxUYNRQn31ATapA3R8OytA2zvxruIc8IuLhmRtqGyzaFME1Fr0MIfxpCyLuNbfrTsBxu7Zze8rVfDiG8ol87pdcbn/dBw4gdDIzqZoesd71cgHrQkGUnAqPcod5791/3ey4q41Ibtg56L7mtQccoH9tvpk7dLLN+z9EWn7mi2b6fib0DN6tZ1ve9nwPx1dXVO8o1j/rdV+/1xvfGMJY5tPriF7/4oymlNw3x34vapa8CowFHzmEECBAgQIAAAQIEii8ThUTDzj2DQuVZKr/Z7Xb/2alTp3Jw0O8nzszMfHNKKX9Bn+lz8KdTSj+0uLj4+3VFjcvnTk9PP7/Vav16ddlZTft5udprFxYW5uquXVdrqHxc3TbWz3rWs540OTn547ndmp2CyqevLelYWVn58d6ytnO6sFOBUUPB3J/tdDpv7GdbcT6n9kx+PaW0vryvaTenEMJv9xmjj3W73eur9Yhy+02BRYzxu1JK39VbMlQXQubn803Ly8tv26z2ybOe9azJycnJXGfrxwYIHn93dXX1dU3P+6BhxE4FRk01wErjuL7j1KAhy04FRrlPMzMzx7vd7j+vLvdr+Gx478rKyuuKwveVZ/OtMcZbSn9WW8A7vz7oGOVje7Wucv21Vzb06d2tVuuG+fn5/9rvw6/8em+56j8OIeRnrrrDWFNTC3nJ7iCfib2+1xXZzu/XDYXamy6WP9umpqbyTKP82dY35E8p5SXG/3iTz9dcw2lgy15o9L0ppZ8dIFTMy4HftLS09MvV97rAaJgn07EECBAgQIAAAQIEzm9JWntbuJYAACAASURBVJ4tciql9MGU0m+fPHny88OC5i8CX/rSl75pdXX15THGvN3zs3tt5Lb+Ywjh7kOHDv3hRz/60a8O2nb+0n/xxRe/OKWU6x/lWknP6J2b+/uJGONdX/3qVz/cr2hqu93+hhyAxBi/t9TGp1JK94cQfm1xcfFkXZ/yzm5jY2NXp5RyXZ5czyPPeMqzAXJR638bY/yNXu2Nc3b0KtrbicAou0xNTeWd2K4v9TuHV+sFoAc1zsf1dlr76co56zvjbbb99+zs7Nesrq7mWWZ5CdhsCCF/yfsPKaVff9KTnvT+pvHuE1h8anZ29nndbjeHBbnIdXb/k5TS73a73V89depUrnHUaF6+j17tlFyIOY99Lrxb1Ogqxv+excXFvONbt8ls0DBipwKjXr9a7Xb7W0IIb+jtNJgDiS+HED4WQvjNQ4cO/Va23g+BUe5vLxh4YUophzLZvfg8WEopfTLX0+n3/hn0XvL1Bh2jYox7geJ3xhhz3bZc6D6HJ2ufVXmZ7eHDh/+gaQZkv/dW6ZnL9Xry50Zx7/nUfI1T+T3SarU+9JSnPOWPh7nOJoXdh3rv58+2HM7GGL+jN6Ov+GzNn2+fCiGciDH+9uHDhx/o17+tWGajpaWll8YY82frXy+9L7PPf0opvXtqaur91dp5hb3AqN9T6HUCBAgQIECAAAECGwXWl6SBIbCdApsFRlu9zjAzXLZ6DecRuNAE6gKjuuLvF9p9ux8CBAgQIECAAAECBM5PQGB0fn7ObhAQGHk0COwPgYZdAN/U6XTyrmYDzbrbH3eiFwQIECBAgAABAgQI7KaAwGg3tQ/QtQRGB2iw3eq+EcjL+s6cORPn5uZW8nb3Mca8y9jbQwiXlTp5JoTwkk6nk5f9+iFAgAABAgQIECBAgECtgMDIg7EjAgKjHWHVKIFNBepqYlVP2MqObtgJECBAgAABAgQIEDh4AgKjgzfmu3LHAqNdYXYRAhsEnvOc5/zV1dXV+0IIz22g+XKr1fqO+fn5/xsdAQIECBAgQIAAAQIENhMQGHk+dkRAYLQjrBolsKlA3c5vpRO+nFJ67eLi4rvVLvIgESBAgAABAgQIECDQT0Bg1E/I61sSEBhtic1JBM5L4K/9tb82dejQoZ9NKb0qhPB1vcbmQwjvu+iii+556KGHPnteF3AyAQIECBAgQIAAAQIHRkBgdGCG2o0SIECAAAECBAgQIECAAAECBAYTEBgN5uQoAgQIECBAgAABAgQIECBAgMCBERAYHZihdqMECBAgQIAAAQIECBAgQIAAgcEEBEaDOTmKAAECBAgQIECAAAECBAgQIHBgBARGB2ao3SgBAgQIECBAgAABAgQIECBAYDABgdFgTo4iQIAAAQIECBAgQIAAAQIECBwYAYHRgRlqN0qAAAECBAgQIECAAAECBAgQGExAYDSYk6MIECBAgAABAgQIECBAgAABAgdGQGB0YIbajRIgQIAAAQIECBAgQIAAAQIEBhMQGA3m5CgCBAgQIECAAAECBAgQIECAwIEREBgdmKF2owQIECBAgAABAgQIECBAgACBwQQERoM5OYoAAQIECBAgQIAAAQIECBAgcGAEBEYHZqjdKAECBAgQIECAAAECBAgQIEBgMAGB0WBOjiJAgAABAgQIECBAgAABAgQIHBgBgdGBGWo3SoAAAQIECBAgQIAAAQIECBAYTEBgNJiTowgQIECAAAECBAgQIECAAAECB0ZAYHRghtqNEiBAgAABAgQIECBAgAABAgQGExAYDebkKAIECBAgQIAAAQIECBAgQIDAgREQGB2YoXajBAgQIECAAAECBAgQIECAAIHBBARGgzk5igABAgQIECBAgAABAgQIECBwYAQERgdmqN0oAQIECBAgQIAAAQIECBAgQGAwAYHRYE6OIkCAAAECBAgQIECAAAECBAgcGAGB0YEZajdKgAABAgQIECBAgAABAgQIEBhMQGA0mJOjCBAgQIAAAQIECBAgQIAAAQIHRkBgdGCG2o0SIECAAAECBAgQIECAAAECBAYTEBgN5uQoAgQIECBAgAABAgQIECBAgMCBERAYHZihdqMECBAgQIAAAQIECBAgQIAAgcEEBEaDOTmKAAECBAgQIECAAAECBAgQIHBgBARGB2ao3SgBAgQIECBAgAABAgQIECBAYDABgdFgTo4iQIAAAQIECBAgQIAAAQIECBwYAYHRgRlqN0qAAAECBAgQIECAAAECBAgQGExAYDSYk6MIECBAgAABAgQIECBAgAABAgdGQGB0YIbajRIgQIAAAQIECBAgQIAAAQIEBhMQGA3m5CgCBAgQIECAAAECBAgQIECAwIEREBgdmKF2owQIECBAgAABAgQIECBAgACBwQQERoM5OYoAAQIECBAgQIAAAQIECBAgcGAEBEYHZqjdKAECBAgQIECAAAECBAgQIEBgMAGB0WBOjiJAgAABAgQIECBAgAABAgQIHBgBgdGBGWo3SoAAAQIECBAgQIAAAQIECBAYTEBgNJiTowgQIECAAAECBAgQIECAAAECB0ZAYHRghtqNEiBAgAABAgQIECBAgAABAgQGExAYDebkKAIECBAgQIAAAQIECBAgQIDAgRHYNDBqt9vXhxDuyhoxxqsWFhY+stsy7Xb7ihDC/SmlB6ampm6cm5t7fJA+9PoeOp3O3YMcvxPHHD169Mj4+PjbVlZWbjp9+vRj5Wv0XrsvhPCZfF9nzpy5ZHx8/L4Y45XVvmzFvmi/aK/axszMzItSSifytVJKD66srFxT7mN57Pdy/HdiXLRJgAABAgQIECBAgAABAgQIbC7QGBgdP378kqWlpTtjjNf1QoXbFhcXbx0F0FLYccNeBUalQChUw5hsOExg1DMf+F5KYdEd+f57ods7Qgiv7nQ6p3ph0T0hhKvz79krpfTiIpCreT2Hduvnj8IzoI8ECBAgQIAAAQIECBAgQIDA1gUaA6NiBkpK6d4QwjPzJcrBRzkQiTF+IITw09VgqTw7KMb4lRDCD9SFH+XZLtXXqzOMlpeXLytmHNW1WZ0Z0+v/O2OMHwoh/GpK6ck5BCtm1UxOTk4XM21CCBtCmenp6bfGGG/p3df6LJx+916d3ZPPr87waQqMqs4lm0eKgKfoV9PMo3xOt9u9rRivUvj34Rwg5fPzdYoAsBwoTU5OPtILCteO3fqj5UwCBAgQIECAAAECBAgQIEBgVAUaA6NyKNHtdq/OwUk5oKgLRUoIa8FLEfaEEHLIs+GnaKsmLFo7LqW0NqOpKTCqaXMtUAkhvKBYRtdrJwdeRWBU7cbHQgjfUGrrnFCmfEIOnwZZPra8vLxYXV621cAoX78aEPULjKo3WZ1hVPP6+gyjXiBnNtGovqP1mwABAgQIECBAgAABAgQIbINAbWBUXU5VzMIpQpx83XJgVA1/imClmA3U6+f68qcc6OS2pqam3lIseyvaKLX71F4AlE9fr2FUbbM0I+a6oo3qkrTSbKm1WUITExOX5jZzUJTPmZiY+Hi5H0XgU9QXynWTijbz8eVAqLhmaTbSWli21SVp+WY3qSc08LK06hhVZ0/l1+tmL/XCpdtjjD+XUsrL1nLYtx6kbcMzpwkCBAgQIECAAAECBAgQIEBgnwvUBkalgGVtlk9d+FFdUpVDlWLpU17CVg5mUkrvKpY/lc+76KKLbl9dXf2dakHrcjiTUvpCXWBUPqd8fC7MvUlg1Hg/5Vk7xTXrZkbl4OXs2bMfyDOIyuFOKXzZN4FR+dmrLkMrv1aMSavVuqXqnce1WtNonz/TukeAAAECBAgQIECAAAECBAicp0BtYFSu3VPTfmMgsklgtL7DWTkwijHemlJ6b3kmT77efg6M8syolZWV23czMBp2CVrdM1Gta1Q9pgiUYox5VtHtZ8+efVWxa1q1BtJ5PnNOJ0CAAAECBAgQIECAAAECBPa5wDmB0WZ1h/K91NXx2YslaTs5w6huSVp5HOtmXO3UDKNSDafP1+22Vvd8VXc9y8cUgVGM8WUppVzMe0NR6yIwymHYxMREDo1uzjuo5XMFRvv8Xax7BAgQIECAAAECBAgQIEBgmwXqAqPrixpDxTKyfM1qbaGzZ88+Wi3sXOrbjhe9HjAwygHXgyGEn4kxvr+owVQX+DQVlq54r9XyKe49v1aEOE2BUYzxyl4bG+oPNe2SVjq+OtTr5/ebcVReYpaX6JXG7o5cX6k626i65KwaOFmSts3vOs0RIECAAAECBAgQIECAAIF9LrAhMCrNJFkvIF3uf7mwc7mOT4zxAyGEn87Hlgtjl3c4izF+JYTwA3XhSc1OaevhSNMuaZsFRuWC3FsNjHI/q0vzqoW5NwuM8mulWkr51y0HRtUd1voFRr1rX1EU9q4zr/TtnKLW/V7f58+17hEgQIAAAQIECBAgQIAAAQLnIVBbw2iQ9vrtAlYOLapFrQdp3zEECBAgQIAAAQIECBAgQIAAAQJ7IyAw2ht3VyVAgAABAgQIECBAgAABAgQI7FsBgdG+HRodI0CAAAECBAgQIECAAAECBAjsjcCWA6O96a6rEiBAgAABAgQIECBAgAABAgQI7LSAwGinhbVPgAABAgQIECBAgAABAgQIEBgxAYHRiA2Y7hIgQIAAAQIECBAgQIAAAQIEdlpAYLTTwtonQIAAAQIECBAgQIAAAQIECIyYgMBoxAZMdwkQIECAAAECBAgQIECAAAECOy0gMNppYe0TIECAAAECBAgQIECAAAECBEZMQGA0YgOmuwQIECBAgAABAgQIECBAgACBnRYQGO20sPYJECBAgAABAgQIECBAgAABAiMmIDAasQHTXQIECBAgQIAAAQIECBAgQIDATgsIjHZaWPsECBAgQIAAAQIECBAgQIAAgRETEBiN2IDpLgECBAgQIECAAAECBAgQIEBgpwUERjstrH0CBAgQIECAAAECBAgQIECAwIgJCIxGbMB0lwABAgQIECBAgAABAgQIECCw0wICo50W1j4BAgQIECBAgAABAgQIECBAYMQEBEYjNmC6S4AAAQIECBAgQIAAAQIECBDYaQGB0U4La58AAQIECBAgQIAAAQIECBAgMGICAqMRGzDdJUCAAAECBAgQIECAAAECBAjstIDAaKeFtU+AAAECBAgQIECAAAECBAgQGDEBgdGIDZjuEiBAgAABAgQIECBAgAABAgR2WkBgtNPC2idAgAABAgQIECBAgAABAgQIjJiAwGjEBkx3CRAgQIAAAQIECBAgQIAAAQI7LSAw2mlh7RMgQIAAAQIECBAgQIAAAQIERkxAYDRiA6a7BAgQIECAAAECBAgQIECAAIGdFhAY7bSw9gkQIECAAAECBAgQIECAAAECIyawaWDUbrevDyHcle8pxnjVwsLCR3b7/o4fP37J0tLSnTHG63rXvqHT6dxd14/c35TSi6empm6cm5t7fLf76noECBAgQIAAAQIECBAgQIAAgQtBoDEwqgY1KaXbFhcXb93Nmy76EEL4XL720aNHj4yPj9/XarVuqYZX7Xb7ihDC/SmlBwRGuzlKrkWAAAECBAgQIECAAAECBAhcaAKNgdHMzMyLUkonUkr3hhCemW98ZWXlmtOnTz9WIBQBTozxynxcq9X6zZTS74UQ1mcBFUFOCOGy3nnrr01PT781xnhL0+yl3rnvCCG8utPpnMrn53PyP8vhVQ6WlpeXb89/nlJ6ssDoQntM3Q8BAgQIECBAgAABAgQIECCwmwKNgVE5zOl2u1dXg52apWJ52dqHUkovKQKjmrBo7d6KgKhfYFSFaJph1Fs6t3a4JWm7+fi4FgECBAgQIECAAAECBAgQIHAhCtQGRkUwk284zyqanJyc7s02Wl+WVpqB9GA+5tChQ4+Xag2tzSIqaiAVAVGp3c8MMwuoHE5Vl8b12nzbysrKTRMTE9cKjC7Ex9Q9ESBAgAABAgQIECBAgAABArspUBsYlcKgtYCoGiDlZWmlgtjrS8yK84oZRsUMouoNpZTWQqby8rZBb7pa2Dpfo9Vq3Z9rGil6Paii4wgQIECAAAECBAgQIECAAAECzQK1gVFT0NNrZsPsoXK9okEDoxDCIyGEq4u6RMMMULmuUYzx6/NyuaKekcBoGEnHEiBAgAABAgQIECBAgAABAgTqBc4JjJrqDhWn5+LWeTnZ2bNnn99bpjbwkrRhByEHUN1u97bybKRyYJRSelWurVRt93xmMA3bR8cTIECAAAECBAgQIECAAAECBC40gbrA6PoQwl0NtYLuizE+Nc8OmpycfKRUs2jNZdCi10Xb/Ypel2oXfTjXRCp+DyF8rrxLWjEoZhhdaI+n+yFAgAABAgQIECBAgAABAgT2QmBDYFQuLl231X1pqdrasrSitlGM8cocAuVaQnnWUXmZWnXGUjFDaW5u7vF+gVEGKV8j/14NsspoAqO9eIRckwABAgQIECBAgAABAgQIELjQBGprGA1yk6UgKB++Vo+orhD2IG05hgABAgQIECBAgAABAgQIECBAYP8IbDkwqs78Kd3Slgta7x8WPSFAgAABAgQIECBAgAABAgQIHFyBLQdGmayuQHbdUraDy+vOCRAgQIAAAQIECBAgQIAAAQKjJ3BegdHo3a4eEyBAgAABAgQIECBAgAABAgQI9BMQGPUT8joBAgQIECBAgAABAgQIECBA4IAJCIwO2IC7XQIECBAgQIAAAQIECBAgQIBAPwGBUT8hrxMgQIAAAQIECBAgQIAAAQIEDpiAwOiADbjbJUCAAAECBAgQIECAAAECBAj0ExAY9RPyOgECBAgQIECAAAECBAgQIEDggAkIjA7YgLtdAgQIECBAgAABAgQIECBAgEA/AYFRPyGvEyBAgAABAgQIECBAgAABAgQOmIDA6IANuNslQIAAAQIECBAgQIAAAQIECPQTEBj1E/I6AQIECBAgQIAAAQIECBAgQOCACQiMDtiAu10CBAgQIECAAAECBAgQIECAQD8BgVE/Ia8TIECAAAECBAgQIECAAAECBA6YgMDogA242yVAgAABAgQIECBAgAABAgQI9BMQGPUT8joBAgQIECBAgAABAgQIECBA4IAJCIwO2IC7XQIECBAgQIAAAQIECBAgQIBAPwGBUT8hrxMgQIAAAQIECBAgQIAAAQIEDpiAwOiADbjbJUCAAAECBAgQIECAAAECBAj0ExAY9RPyOgECBAgQIECAAAECBAgQIEDggAkIjA7YgLtdAgQIECBAgAABAgQIECBAgEA/AYFRPyGvEyBAgAABAgQIECBAgAABAgQOmIDA6IANuNslQIAAAQIECBAgQIAAAQIECPQTEBj1E/I6AQIECBAgQIAAAQIECBAgQOCACQiMDtiAu10CBAgQIECAAAECBAgQIECAQD8BgVE/Ia8TIECAAAECBAgQIECAAAECBA6YwDmB0dGjR4+Mj4/fF2O8smqRUnpwZWXlmtOnTz9WHJePKf5sJ+xmZmZelFI6EUK4odPp3N10jePHj1+ytLR0Z4zxuuKYcn93om871eZm99xut68PIdxVMza3LS4u3rpTfdIuAQIECBAgQIAAAQIECBAgcHAEhgqMMktK6d6pqakbz5w5c0kOlvZDYNRut68IIdwfQrisZugeCSFc3el0To3CsBbBVwjhcyGEq6phXA6MUkpHy+FQKeS7Y7NQbRTuXx8JECBAgAABAgQIECBAgACBvRdoDIyqQVAplHhqDmDOnj37aF1gND09/dYY4y29WzsnrKmGOymlDTNjyjOc8gyhVqv1Cyml9zTNMCrPLCq3VWln7RrlWVEhhM/k2UjFOaVZPcWorM9oqptNVZ0FVJr588aU0rW9GVob7r+wiTFetbCw8JG64e/53B5jfEO3231Hq9W6pXxsXWCU2+m1fboaGDUdv/ePnh4QIECAAAECBAgQIECAAAEC+1Vg6MCoCJLyP6uBUSUsWr/nIiBpmglUzFrKJ1SXlZXgapekFW2mlB7IM5/m5uYeL87pvfbDk5OTN+c/r1tul/uWj+8te9swTkWYNGRgVG1jfRnfgIHR+gyifHxurDybaJMZRm9bWVm5KS8XLHdAYLRf33r6RYAAAQIECBAgQIAAAQIE9q/A0EvSivCnGqJMTExcmpeFpZQ+XyyjKmbhFIHQ0tLSm3uzj9bCn/LsoHJwU649VAqhagOjQWsc5SEoB0bFfVT7kGfzDDKbqmmGUV34tdmMovKjUVy3mFXUC7zeEUJ4dbGkrqmGUQihdumdwGj/vvn0jAABAgQIECBAgAABAgQI7FeBoQOjIpioLkmbmJi4tleMeT3YKdXjeebq6uorx8bG3pkhynV5ysFLDykXdF5vo18gVAql1pe2VZeXFQFUbr86K6pphlIRzOSwZ3l5ebF6XlNgVA6H+vW9+lDk47vd7muKmVKlMOvDxVKzugCoXPcoz0aqWV5XvtSmxcP364OqXwQIECBAgAABAgQIECBAgMDuCQy8JC13qTzb5+zZsx8ohyiTk5PT1d3MyoFRjPFlKaW8xOqZ2xkY1QU+wwRGpZlSnykvaesXGJVm+qwFMNXfs9cwgVHdLm/FY1CecdU0Y6gXNt02SJHs3Xu8XIkAAQIECBAgQIAAAQIECBAYRYFtC4x2YknaoUOHHi/VNKqdGdNU9DoPRnXZXP6z6kyhYZakxRjXCn5PTk4+Uu1XERhtdUla3fKz3N8iEIsxviovl+sTGK3PTioeRkvSRvFtqc8ECBAgQIAAAQIECBAgQGBvBbZtSVoutrwXRa/LoUoI4bI6zs2KV+fjm5ZwFedtNvunWD7XVFuorh5TXU2jXrDz4mrh7ty/cvHrzZakxRjXl64JjPb2jeXqBAgQIECAAAECBAgQIEBglAWGDYzWCyvX7RxWhBu9wtb513MKMVd3SitCmQKxspNZPv8XQwhvK9c1qgOvC3XKYU0+p6nPDaHRhhlN5X7ndlut1i+klN5TExi9MaV0bYzxyur9N+2SVrrnO4paReV77AVa9+TZTSGEF/RqRW1gqDqO8kOp7wQIECBAgAABAgQIECBAgMDeCpwTGO1td0b36nU1jEb3bvScAAECBAgQIECAAAECBAgQOMgCAqNtGn2B0TZBaoYAAQIECBAgQIAAAQIECBDYcwGB0TYNgcBomyA1Q4AAAQIECBAgQIAAAQIECOy5gMBoz4dABwgQIECAAAECBAgQIECAAAEC+0tAYLS/xkNvCBAgQIAAAQIECBAgQIAAAQJ7LiAw2vMh0AECBAgQIECAAAECBAgQIECAwP4SEBjtr/HQGwIECBAgQIAAAQIECBAgQIDAngsIjPZ8CHSAAAECBAgQIECAAAECBAgQILC/BARG+2s89IYAAQIECBAgQIAAAQIECBAgsOcCAqM9HwIdIECAAAECBAgQIECAAAECBAjsLwGB0f4aD70hQIAAAQIECBAgQIAAAQIECOy5gMBoz4dABwgQIECAAAECBAgQIECAAAEC+0tAYLS/xkNvCBAgQIAAAQIECBAgQIAAAQJ7LiAw2vMh0AECBAgQIECAAAECBAgQIECAwP4SEBjtr/HQGwIECBAgQIAAAQIECBAgQIDAngsIjPZ8CHSAAAECBAgQIECAAAECBAgQILC/BARG+2s89IYAAQIECBAgQIAAAQIECBAgsOcCAqM9HwIdIECAAAECBAgQIECAAAECBAjsLwGB0f4aD70hQIAAAQIECBAgQIAAAQIECOy5gMBoz4dABwgQIECAAAECBAgQIECAAAEC+0tAYLS/xkNvCBAgQIAAAQIECBAgQIAAAQJ7LiAw2vMh0AECBAgQIECAAAECBAgQIECAwP4SEBjtr/HQGwIECBAgQIAAAQIECBAgQIDAngsIjPZ8CHSAAAECBAgQIECAAAECBAgQILC/BARG+2s89IYAAQIECBAgQIAAAQIECBAgsOcCAqM9HwIdIECAAAECBAgQIECAAAECBAjsLwGB0f4aD70hQIAAAQIECBAgQIAAAQIECOy5wDmBUbvdviKEcH8I4bIQwiMhhKs7nc6p3NOZmZkXpZRO5H9PKd07NTV149zc3OPD3MXx48cvWVpaujOE8MyVlZVr8rnj4+P35X/m30+fPv3YZu0V/UspPbCV6w/TV8cSIECAAAECBAgQIECAAAECBA6iQL/AKMQYr1pYWPhIxpmenn5rjPGW7QyM+gVEB3FQ3DMBAgQIECBAgAABAgQIECBAYC8F+gZGKaXbFhcXbz169OiRPBMoxnhlNTCqzErKL9/Q6XTuLm6s3W5fH0K4q/f7TSml3EbjDKNiFlKM8bqmaxUzjJaXl1/Ra/uNKaVre/3bMDOqpu9r91T0rzxzqi4MK4Kycni2l4Pm2gQIECBAgAABAgQIECBAgACBnRTYLDBa7IUnh/NSsYmJiUt7S9U+GEL4jlJgk5euFUvY1vtahCvVMKY4IKX0YN2StEOHDj2el6wVYVHp+LUlcMvLy2vXqwmMNjgVS+bOnDlzSTnoKh20FmrVhF1rhxRBWf53gdFOPoLaJkCAAAECBAgQIECAAAECBPabQGNglAOZGOODIYTX5zpGIYQXhBDeHGP8kZTSz1cDmyIgKmbzhBA+MzU1ddPS0tLbeuHPhoAmpfT5usBocnJyOtdJKgKfDNYLkF7Y60f+o3MCo+L4UqC01n7RXjHrqVpDqQjCUkrvKs862m8DpT8ECBAgQIAAAQIECBAgQIAAgd0S2DQwarVav5lS+r0QwvoyslardUtK6Z4iMFpaWsoh0lpdo/JPnkG0urr6yrGxsXfmPy8KWvcrej0xMXFtb4nZhmVtRdvVotelJWlrx9cEQkV71S6uLVubnJx8pGZGU+21d2tQXIcAAQIECBAgQIAAAQIECBAgsJcCmwZGKaV/GmN8T4wxH/cNeRZOjPGe8gyfpsCot8PadSmlX9yngdGGgt6b1WjaywFybQIECBAgMdLx9gAAIABJREFUQIAAAQIECBAgQIDAbgtsGhitrKzcND4+Xiwpy327IYTw0bolYXUFoSvFq9dm7RQ1jZpqGJWWpK3VOMq7qJVrCKWUvtBQw6h2hlF1SVo/4FKf15bAdTqdU/3O8ToBAgQIECBAgAABAgQIECBA4EIS2DQw6hWZLnYhW1vC1bv5cg2h2qLXRdHoXSx6XRsY5f7WFb0uah6dPXv2+blmUnVQi9fn5uYeV/T6Qnrk3QsBAgQIECBAgAABAgQIECDQT2CQwKi6K9mG33OgUt1prBy25A602+3re3WJ8q+/mlJ6cgjhmXVFr/OMosrMpLxj2fpso2FrGOX2apabrbeXO1QNtcrXy68LjPo9Rl4nQIAAAQIECBAgQIAAAQIELiSBcwKjC+nm3AsBAgQIECBAgAABAgQIECBAgMDwAgKj4c2cQYAAAQIECBAgQIAAAQIECBC4oAUERhf08Lo5AgQIECBAgAABAgQIECBAgMDwAgKj4c2cQYAAAQIECBAgQIAAAQIECBC4oAUERhf08Lo5AgQIECBAgAABAgQIECBAgMDwAgKj4c2cQYAAAQIECBAgQIAAAQIECBC4oAUERhf08Lo5AgQIECBAgAABAgQIECBAgMDwAgKj4c2cQYAAAQIECBAgQIAAAQIECBC4oAUERhf08Lo5AgQIECBAgAABAgQIECBAgMDwAgKj4c2cQYAAAQIECBAgQIAAAQIECBC4oAUERhf08Lo5AgQIECBAgAABAgQIECBAgMDwAgKj4c2cQYAAAQIECBAgQIAAAQIECBC4oAUERhf08Lo5AgQIECBAgAABAgQIECBAgMDwAgKj4c2cQYAAAQIECBAgQIAAAQIECBC4oAUERhf08Lo5AgQIECBAgAABAgQIECBAgMDwAnseGLXb7etTSi+empq6cW5u7vHNbiEfG0K4Kx8TY7xqYWHhI4Pe8vT09FvzsYuLi7f2O+fo0aNHxsfH74sxXplSuneQvvVr0+sECBAgQIAAAQIECBAgQIAAgVERGJnA6Pjx45csLS3d2Wq17hgmKCoGYpjAaGZm5kXdbvc1gqJReYz1kwABAgQIECBAgAABAgQIENhOgV0PjMqzd0IIj4QQPphSenIRzuRgJ8Z4S77JlNKDKysr1+R/L2b89P58bdbP0tLSm6vHnj59+rF8TLvdviKEcH8I4bLcTgjhMyGEzxUzjMrXCSG8MaV0bavVuiWl9MxiFlNuZ9iZTNs5ONoiQIAAAQIECBAgQIAAAQIECOyFwK4GRqWw6I5Op3N3EeqklB7IAdDy8vIrysvTysvVMk55hlF1KVv59+Xl5ctyWBRjfFWejZRnDKWUTqSUbsuBUe/Y1+QwKgdMRXhUhENmGO3Fo+iaBAgQIECAAAECBAgQIECAwH4R2NXAqBfE3FYENRmhEvRsCIzKSNUlaZvVPqp7rViSNjU19Zbq0rYiuCoHTJak7ZdHVD8IECBAgAABAgQIECBAgACB3RbY1cCoLsgpz+Y5c+bMJaWlZ3m52tWdTudURqkGRjVL29aPratX1Lv20ZWVldsnJibuCSHcXLRdtJWXpBUzkgRGu/0ouh4BAgQIECBAgAABAgQIECCwXwT2VWBU7JJWhEMxxuuKOkaHDh16vK7odd2x4+PjN2fg8o5oAqP98sjpBwECBAgQIECAAAECBAgQILDfBXY1MOq3JK0IjAq08syfiYmJj2+2S1r52Fy4ulwLKbdnSdp+fxT1jwABAgQIECBAgAABAgQIENgvArsaGJVmA314kKLX5YCpOsOourytfGzGzUvbykvMFL3eL4+cfhAgQIAAAQIECBAgQIAAAQL7XWBXA6OMUa49lJebxRg/kFKazruk5dfzLKK8FK0Ht17HqFrDqLwUrXps/r0oZB1CuCyldG+M8Ssppb8olqkVO6P1zn1jCOGFRV0ju6Tt98dW/wgQIECAAAECBAgQIECAAIGdFNj1wGgnb2arbecQq1oIe6ttOY8AAQIECBAgQIAAAQIECBAgMOoCBy4wqi6LywNYt3vbqA+s/hMgQIAAAQIECBAgQIAAAQIEtipw4AKjXkB0RQjh/rxcLf+el6zlJXHVottbRXUeAQIECBAgQIAAAQIECBAgQGCUBQ5kYDTKA6bvBAgQIECAAAECBAgQIECAAIGdFhAY7bSw9gkQIECAAAECBAgQIECAAAECIyYgMBqxAdNdAgQIECBAgAABAgQIECBAgMBOCwiMdlpY+wQIECBAgAABAgQIECBAgACBERMQGI3YgOkuAQIECBAgQIAAAQIECBAgQGCnBQRGOy2sfQIECBAgQIAAAQIECBAgQIDAiAkIjEZswHSXAAECBAgQIECAAAECBAgQILDTAgKjnRbWPgECBAgQIECAAAECBAgQIEBgxAQERiM2YLpLgAABAgQIECBAgAABAgQIENhpAYHRTgtrnwABAgQIECBAgAABAgQIECAwYgICoxEbMN0lQIAAAQIECBAgQIAAAQIECOy0gMBop4W1T4AAAQIECBAgQIAAAQIECBAYMQGB0YgNmO4SIECAAAECBAgQIECAAAECBHZaQGC008LaJ0CAAAECBAgQIECAAAECBAiMmIDAaMQGTHcJECBAgAABAgQIECBAgAABAjstIDDaaWHtEyBAgAABAgQIECBAgAABAgRGTGDPA6N2u319SunFU1NTN87NzT2+mV8+NoRwVz4mxnjVwsLCRwb1np6efms+dnFx8dZ+5xw9evTI+Pj4fTHGK1NK94YQ3hlj/FDvvBs6nc7d/drwOgECBAgQIECAAAECBAgQIEBgVAVGJjA6fvz4JUtLS3e2Wq07hgmKioEZJjCamZl5UbfbfU0RYuVzY4ynBUWj+pjrNwECBAgQIECAAAECBAgQIDCMwK4HRuXZOyGER0IIH0wpPbkSztySbyKl9ODKyso1+d+LGT+9P783H7+0tPTmGOOGY0+fPv1YPqbdbl8RQrg/hHBZbieE8JkQwueKGUa9EGjt3BDCG1NK17ZarVtSSs8sZjH1Xvv3IYRvKfenuMYw0I4lQIAAAQIECBAgQIAAAQIECIyKwK4GRqWw6I48W6cIdVJKD+QAaHl5+RXl5Wnl5WoZtDzDqLqUrfz78vLyZTksijG+Ks9GyjOGUkonUkq35cCod+xrchiVw58iPCqWuZlhNCqPr34SIECAAAECBAgQIECAAAECOyGwq4FRL4i5rQhq8g1Vgp4NgVH5hqtL0jarfVT3WrEkbWpq6i3VpW1FcFUOmCxJ24nHTZsECBAgQIAAAQIECBAgQIDAKAjsamBUF+SUZ/OcOXPmktLSs7xc7epOp3MqQ1YDo5qlbevH1tUr6l376MrKyu0TExP3hBBuLtou2spL0ooZSQKjUXh89ZEAAQIECBAgQIAAAQIECBDYCYF9FRgVu6QV4VCM8bqijtGhQ4ceryt6XXfs+Pj4zRmrvCOawGgnHh9tEiBAgAABAgQIECBAgAABAheiwK4GRv2WpBWBUQFdnvkzMTHx8c12SSsfmwtXl2sh5fYsSbsQH1/3RIAAAQIECBAgQIAAAQIECOyEwK4GRqXZQB8epOh1OWCqzjCqLm8rH5uh8tK28hIzRa934vHRJgECBAgQIECAAAECBAgQIHAhCuxqYJQBy7WH8nKzGOMHUkrTeZe0/HqeRZSXovWw1+sYVWsYlZeiVY/NvxeFrEMIl6WU7o0xfiWl9BfFMrViZ7TeuW8MIbywqGtkl7QL8VF3TwQIECBAgAABAgQIECBAgMCgArseGA3asd08LodY1ULYu3l91yJAgAABAgQIECBAgAABAgQI7CeBAxcYVZfF5cGo271tPw2SvhAgQIAAAQIECBAgQIAAAQIEdlPgwAVGvYDoihDC/Xm5Wv49L1nLS+KqRbd3cyBciwABAgQIECBAgAABAgQIECCwXwQOZGC0X/D1gwABAgQIECBAgAABAgQIECCwHwUERvtxVPSJAAECBAgQIECAAAECBAgQILCHAgKjPcR3aQIECBAgQIAAAQIECBAgQIDAfhQQGO3HUdEnAgQIECBAgAABAgQIECBAgMAeCgiM9hDfpQkQIECAAAECBAgQIECAAAEC+1FAYLQfR0WfCBAgQIAAAQIECBAgQIAAAQJ7KCAw2kN8lyZAgAABAgQIECBAgAABAgQI7EcBgdF+HBV9IkCAAAECBAgQIECAAAECBAjsoYDAaA/xXZoAAQIECBAgQIAAAQIECBAgsB8FBEb7cVT0iQABAgQIECBAgAABAgQIECCwhwICoz3Ed2kCBAgQIECAAAECBAgQIECAwH4UEBjtx1HRJwIECBAgQIAAAQIECBAgQIDAHgoIjPYQ36UJECBAgAABAgQIECBAgAABAvtRQGC0H0dFnwgQIECAAAECBAgQIECAAAECeyggMNpDfJcmQIAAAQIECBAgQIAAAQIECOxHAYHRfhwVfSJAgAABAgQIECBAgAABAgQI7KHAngdG7Xb7+pTSi6empm6cm5t7fDOLfGwI4a58TIzxqoWFhY8Majc9Pf3WfOzi4uKt/c45evTokfHx8ftijFemlO4NIbwzxvih3nlvCiFcG0J4dafTOTVoW61W65bc32H60a9trxMgQIAAAQIECBAgQIAAAQIEdkJgZAKj48ePX7K0tHRnq9W6Y5igqEAbJqiZmZl5UbfbfU0RYuVzY4ynO53O3e12+4oQwjsERjvxOGqTAAECBAgQIECAAAECBAgQ2A8Cux4YlWfvhBAeCSF8MKX05Eo4c0vGSSk9uLKyck3+92LGT+/P783HLy0tvTnGuOHY06dPP5aP6QU794cQLsvthBA+E0L4XDHDqBcCrZ0bQnhjSunaPAsopfTMYhZT77V/H0L4lqI/McbXhxD+eQhhLoTwA+X+FDOkyjOhejOUnlmZYfT0EMIz8wymfH55tlQRjMUYr+td/6YQwvcMGlDth4dKHwgQIECAAAECBAgQIECAAIHRFtjVwKgUFt1Rmq1zf0rpgRwALS8vv6K8PK28XC0zl2cYVZeylX9fXl6+LIRwf4zxVXk2Up4xlFI6kVK6LQdGvWNfk8OoHDAV4VER3Awwwyj3+V25rZp7ykvsGtvuXesVIYSr85K2ur6EEJ6ePYp7jjG+sDh+tB83vSdAgAABAgQIECBAgAABAgRGQWBXA6NeEHNbEdRkoErQsyEwKgNWl6RtVvuo7rViSdrU1NRbqkvbitlI5YBpmCVp1bZjjB/OgVjufxEoNdUwKi9xO3v27KMTExP3hBBuLuoj9cKu/GdrAdMoPFT6SIAAAQIECBAgQIAAAQIECIy2wK4GRnVBTnk2z5kzZy4pLT3Ly9XWQ5JqYFSztG392Lp6Rb1rH11ZWbm9GspUQ50BZhhtqGFUXC+3nftfhEP50aj2u9q3cmDUe5RuP3v27KsqS+sGrpk02o+j3hMgQIAAAQIECBAgQIAAAQL7QWBfBUZFDaByHZ+ijtGhQ4ceryt6XXfs+Pj4zRm3vCOawGg/PG76QIAAAQIECBAgQIAAAQIECIyCwK4GRv2WpBWBUQFXnvkzMTHx8c12SSsfmwtXl2sh5fYsSRuFx1EfCRAgQIAAAQIECBAgQIAAgf0gsKuBUWk20FqNn6J2UFPR63LAVJ1hVF3eVj42w5aXhu1A0evaJWl5RlM1FKsW1N5sSVquUdR7XdHr/fDu0AcCBAgQIECAAAECBAgQIHBABXY1MMrG5dpDeblZjPEDKaXpyq5gxZby63WMqrWAaraf31DzqAijQgiX5a3tY4xfSSn9RbFMrQhyeuP+xhBC3olsrdj0VmsYFW3nMCuEcFfRdkrp2kGKXudr19zXTSGEby/XNTqgz6rbJkCAAAECBAgQIECAAAECBHZJYNcDo126r6Euk0OsaiHsoRrYwYN7wdeGQtg7eDlNEyBAgAABAgQIECBAgAABAgTCgQuMqsvi8jNQt3vbXjwb1d3ach/qdnzbi765JgECBAgQIECAAAECBAgQIHBwBA5cYNQLiK4IIdyfl6vl3/OStbwkrlp0ey8eg6LeUnHtlNJt5d3e9qJPrkmAAAECBAgQIECAAAECBAgcLIEDGRgdrCF2twQIECBAgAABAgQIECBAgACB4QQERsN5OZoAAQIECBAgQIAAAQIECBAgcMELCIwu+CF2gwQIECBAgAABAgQIECBAgACB4QQERsN5OZoAAQIECBAgQIAAAQIECBAgcMELCIwu+CF2gwQIECBAgAABAgQIECBAgACB4QQERsN5OZoAAQIECBAgQIAAAQIECBAgcMELCIwu+CF2gwQIECBAgAABAgQIECBAgACB4QQERsN5OZoAAQIECBAgQIAAAQIECBAgcMELCIwu+CF2gwQIECBAgAABAgQIECBAgACB4QQERsN5OZoAAQIECBAgQIAAAQIECBAgcMELCIwu+CF2gwQIECBAgAABAgQIECBAgACB4QQERsN5OZoAAQIECBAgQIAAAQIECBAgcMELCIwu+CF2gwQIECBAgAABAgQIECBAgACB4QQERsN5OZoAAQIECBAgQIAAAQIECBAgcMELCIwu+CF2gwQIECBAgAABAgQIECBAgACB4QQERsN5OZoAAQIECBAgQIAAAQIECBAgcMEL7HpgdPz48UuWlpbujDFe19O9odPp3F0n3W63r08pvXhqaurGubm5x4cZjXxuCOGufE6M8aqFhYWPDHN+07HtdvuKEMI7Qgiv7nQ6p4Zts1+/pqen35rbXFxcvHXYth1PgAABAgQIECBAgAABAgQIENgOgV0NjIqwKITwuRyIHD169Mj4+Ph9rVbrlmqg0wtm7k8pPTBsYFRcp9Vq3bFdQVGBfT6B0SD9Ehhtx2OtDQIECBAgQIAAAQIECBAgQOB8BHY1MKoLW+oCkhysLC8v355vLKX05BwYnT179vndbve2lZWVa06fPv1YXdjUm73ztSml62KMV/bOvzefv7S09OYY4y0FVkrptmIWTxFOhRAu672+YdZT7mPp3F8NIRxvmmFUbiul9GCM8QMppekY460ppfdW+7W8vJyveX++dj4+hPCZaqBWOme9z7mflX5lq/XXa2Zy3RRC+J6tzow6n4fMuQQIECBAgAABAgQIECBAgMBoCexqYFSlaZph1At+1g4vlqSdOXPmkomJiXtCCDfnpWAzMzMvSimdCCGshTulkOntk5OTj+Rlb8UMo14o9fRiplJxbl6qtry8vFie5VTtU/nc3J/ecroXhhCuri5JK86NMd6R+1SdJVWcX/SreD3G+Ko8E6roVw5+pqam3tK71oeL+yv/vtk95baG6fdoPbJ6S4AAAQIECBAgQIAAAQIECOy0wJ4ERuXZL+VZMflme6HL21ZWVm6amJi4tlzDqDej5nQvjMk1ir4pnzM5OXlzb6bOD+d/rwYzmwVV1cCofGzDLKbGGkY58Ol2u68pL6GrC25KgdE5NZqKGVfVwKjfg1Dua76ncriWz+2FUTlwOyfo6te21wkQIECAAAECBAgQIECAAIGDJbAngVGZuFrYOgcmrVbr/jxLpvpa7/ejOUzJS9ZijO/OAU0RLuV2y7NxqjWMygWn87FFMezyn9csVdtQ4DoHM9Uwprifon/lgtXle6gGWXXL8cptlGZR5ZlWa0vrqsW/6+4ppfSFEMLtZ8+efVVevpevez61lw7WW8LdEiBAgAABAgQIECBAgAABAvshMFqfsRNj/Pput3t1qbbQhhk4vdAjB0Vv6Ha7P5aDovHx8ZtzwJRSysvEficvE6sWly5ClVwjKNdAysNeV2y7HNDkpW4hhI9Wd0TbzcCoFERlo6LO0Vqdos3uSWDkjU2AAAECBAgQIECAAAECBAicj8CuBka9JVvrhatzx8szX1JKryoXpi5urAh6Dh069HivGPanUkpPKwUnT00pPSnPPMozcMqB0cTExMfL9Yxym5vtztbr01pQVRSqLu/ittlMne1cklaepVQ4FH4xxpellPJMrPVd4CxJO5+3gXMJECBAgAABAgQIECBAgACBssCuBkal2kUbCjkXu4JVh6a6JC2/XtoZbK3YdbX4dT6mLjCKMVaLR+ed1M4pel3tY92SshjjthS9rgZXmxW9Lu49/3OTgthr96TotTc5AQIECBAgQIAAAQIECBAgcD4CuxoY5Y6WdhIrtr3fsFV8+WbqAqNq8ea62UI1S9LWl3Tl9mOMf6fb7eYt5j+XZ/JUlqJt2J6+ElLlXzfdnr7Y+SyEcFmeGRVj/ECe/ZSvU+1Xbqxy/L0xxq+klP6iN3tqQ7/LdYzK59XdU7mweM809/vby3WNzufBcS4BAgQIECBAgAABAgQIECBw4QrsemB04VLW31ldIey9MCjqPwmM9kLfNQkQIECAAAECBAgQIECAwGgJCIy2cbyqNZr61UraxktvaKruunU7su3U9bVLgAABAgQIECBAgAABAgQIjLaAwGibx69UY2mt5aKm0DZfpm9z/ZbZ9W3AAQQIECBAgAABAgQIECBAgMCBFRAYHdihd+MECBAgQIAAAQIECBAgQIAAgXoBgZEngwABAgQIECBAgAABAgQIECBAYIOAwMgDQYAAAQIECBAgQIAAAQIECBAgIDDyDBAgQIAAAQIECBAgQIAAAQIECDQLmGHk6SBAgAABAgQIECBAgAABAgQIENggIDDyQBAgQIAAAQIECBAgQIAAAQIECAiMPAMECBAgQIAAAQIECBAgQIAAAQLNAmYYeToIECBAgAABAgQIECBAgAABAgQ2CAiMPBAECBAgQIAAAQIECBAgQIAAAQICI88AAQIECBAgQIAAAQIECBAgQIBAs4AZRp4OAgQIECBAgAABAgQIECBAgACBDQICIw8EAQIECBAgQIAAAQIECBAgQICAwMgzQIAAAQIECBAgQIAAAQIECBAg0CxghpGngwABAgQIECBAgAABAgQIECBAYIOAwMgDQYAAAQIECBAgQIAAAQIECBAgIDDyDBAgQIAAAQIECBAgQIAAAQIECDQLmGHk6SBAgAABAgQIECBAgAABAgQIENggIDDyQBAgQIAAAQIECBAgQIAAAQIECAiMPAMECBAgQIAAAQIECBAgQIAAAQLNAmYYeToIECBAgAABAgQIECBAgAABAgQ2CAiMPBAECBAgQIAAAQIECBAgQIAAAQICI88AAQIECBAgQIAAAQIECBAgQIBAs4AZRp4OAgQIECBAgAABAgQIECBAgACBDQICIw8EAQIECBAgQIAAAQIECBAgQICAwMgzQIAAAQIECBAgQIAAAQIECBAg0CxghpGngwABAgQIECBAgAABAgQIECBAYIOAwMgDQYAAAQIECBAgQIAAAQIECBAgIDDyDBAgQIAAAQIECBAgQIAAAQIECDQLnDPD6OjRo0fGx8fvCyF8Zmpq6sa5ubnHtwOw3W5fn9vpdDp3b0d7TW30+v+2lZWVm06fPv3Y9PT0W2OMt8QYr1pYWPjITl5b2wQIECBAgAABAgQIECBAgACBC0FgVwKjXlh0Vwjhhp0MjEphV1hZWbkmB0YXwiC5BwIECBAgQIAAAQIECBAgQIDAbgr0DYzOnDlzSW/GUYgxfiCE8NO5gyml2xYXF2/N/378+PFLlpaW7owxXld0vpjRUwqL1l5KKd0bY7w1pfTe3rGfyefl9vLv5dlAdbOdqtfK7eWZUEU/Y4xXlvvQ7Xavrs4wmpmZeVFK6UQJej3IarfbV4QQ7k8pPRBj/EoI4Qd6x60fU/SrdK1HQghXdzqdU/lYs5p28xF2LQIECBAgQIAAAQIECBAgQGC7BQYOjMpBTDUUKgKSSufWQpQQwgtCCHl20TmBUb9wpxoY5QaqwVQ1hOrXZk1YVPRrLQArAqMQwmV19zM5OflIQx8eLGY1CYy2+zHVHgECBAgQIECAAAECBAgQILCbAkMFRsWsoVJAtDbrpvf7K8qzbMo3UV2SVp6hU64tVA1aqoHR2bNnn59nBhWzikoB0gvztc+ePftoMRuqLryZmJj4eBH2FNct9eWpvYArN3t/r/9XlwOifE7RRgjhmZa97eaj6loECBAgQIAAAQIECBAgQIDAbgkMHBjlDhUBSWmWzlpgVJ21k1Jan22Tz2sKjMpt5n/vFxgtLy/nUKqxFlJdDaNymymlLxTLzcoFvYv+5UCo7pjy67lwdt0yu+0sEL5bg+86BAgQIECAAAECBAgQIECAAIE6gW0JjIqGq0FKTR2jtYCpqTh1NTAq1xPKgcz5BkbLy8uLdTvADRsYFfdbWYq3oY6Rx40AAQIECBAgQIAAAQIECBAgMKoC2xoYFQjFjKOiMPawM4yK3dSK84olaKUlabX1gkqB0PpsqHIINcyStFz0upg1VJ1hVB3s3doFblQfMv0mQIAAAQIECBAgQIAAAQIERkvgvAOjycnJd9UVgc4MdTul5eVqq6urrxwbG3tnPqZcB6g6Q6mgrKlZtL4bWz5mk53SbkgpHS3vkjZo0eumwKgIpWqKgK/PMFL0erTeBHpLgAABAgQIECBAgAABAgQIbBQ478AoLzGrbnXfu0TtNvSbBUbVdmKML+92u28IIXymmO1TPWaTekm5G+cERvkPa0Kj9b5Wl8HNzc09Xp1hVC7aXXBuVrzbQ0eAAAECBAgQIECAAAECBAgQGCWBcwKjUeq8vhIgQIAAAQIECBAgQIAAAQIECGy/gMBo+021SIAAAQIECBAgQIAAAQIECBAYaQGB0UgPn84TIECAAAECBAgQIECAAAECBLZfQGC0/aZaJECAAAECBAgQIECAAAECBAiMtIDAaKSHT+cJECBAgAABAgQIECBAgAABAtsvIDDaflMtEiBAgAABAgQIECBAgAABAgRGWkBgNNLDp/MECBAgQIAAAQIECBAgQIAAge0XEBhtv6kWCRAgQIAAAQIECBAgQIAAAQIjLSAwGunh03k7UXNRAAAgAElEQVQCBAgQIECAAAECBAgQIECAwPYLCIy231SLBAgQIECAAAECBAgQIECAAIGRFhAYjfTw6TwBAgQIECBAgAABAgQIECBAYPsFBEbbb6pFAgQIECBAgAABAgQIECBAgMBICwiMRnr4dJ4AAQIECBAgQIAAAQIECBAgsP0CAqPtN9UiAQIECBAgQIAAAQIECBAgQGCkBQRGIz18Ok+AAAECBAgQIECAAAECBAgQ2H6BkQyMjh49emR8fPy+Vqt1y8LCwkfqWNrt9vUhhLvyazHGq5qOy6/nY1NKL56amrpxbm7u8WGZZ2ZmXpRSOtE776aU0nWb9W3Y9ovjh+1npV83dDqdu5uu3W63rwghvCOE8OpOp3Nqq30c9rw8lhMTE/eEEG7O1x32Hoe9Xvn43brnQZ7Xze7j+PHjlywtLd0ZY7wupfRgjPHelNKVW31eBzXbTp/zbWt6evqtud+Li4u3Dtr/zY473/6U2z7f8d2O+9EGAQIECBAgQIAAAQIEtlvgggyMii/YrVbrjs2Coq0GMdVByF9mY4yncyCzk18ehw1Tyv3q9+Bs5xfofteqftn+/9u7gxDLrvpP4OdW01VN4O9sdJiNZhFokO6sMiGICwUXjo4IgyAhghGDQVeBIRAh4EIQDWQYZJhNRIkumjCMmyBkNkJcyBC0V+lGKMgiuBk0G22QripSdziPe8vTx/vufe/d9+qc1/lkk1Re3Xt+9/O7VcX9cs65AqNxsa43r56enj57fHz8wbr3wTr92FWgNvf+Ehht2kXHESBAgAABAgQIECBAYDOBSw2Mhh76uoff63HmQB+2NE3zVLyctm1fGZpR0H9fCOHtpmle6r73nbOzs6/E/46zj5Jz3IozMU5PT5/sZwG1bXuraZq/tW3793j+bjbS1zrCL3f/vpiRk87w6D57IYTwjfPz8+82TfNinPnR1/Dhhx9+88qVK78aqi0+7Mfv64KcB+ruP0tnBa1bZ38L5PXGWSnR5vDw8BMhhLdCCI92M1XebNv2RvQ5OTl5tJthdDuE8L3uehZ2cdbVqr2Jx6Wzu0II74cQvhRnD3Xn+GnTNHdDCD9q2/bXTdN8KoTwZDwuzgRr2/axEMLSXgzd5svG62qJM6c2uua8VyGEl9u2/Wo/e6wLQRbnzu+ZtM6x+3Wq7wcHB28ls9fiaZ/rzr2y0S590utMPda9v6asu98dnwwhPNb/bK8wc3BnvV+3v5v9enYUAQIECBAgQIAAAQIEyglcamAUw5Dz8/NXYngRH5TTmUCHh4d/6Jbd/DbO1ElCj8XXSx7Q3ouBRvwsHhtC+HMMgPIZRv2DbNM0z8YZR30o0wdS/QN1/wDafR6XSS2Cjv5hNR2raZrPpp/nM4xCCIO15bND0q+70OatTevMb6OhmU9N07wWPXuTtm1/nwRGMZx4IwvvXjs6Onpj1d7kPU6/jvXFMC+GaX0QOLQkLS4lXNaL/BpXGW+Ta+6M4lLF5/v7tQ/6Ym0nJyd302WRYzPLksBo2T2xCDZG+h4/f2CG0apGu/QZ+pnchXX8me3sn+5/5rqfm4ve5PdFEnCufb9P9T6ftTjV33K/3o1MgAABAgQIECBAgACBzQUuNTDKH6rTpTZHR0c30jBp7JKGHs7T4KUPkPolaekspvhZHyj1AVMe4qTnj8FAumQqHj8UKI0tSctCoaeX7Zc0p86hpXdpYNQFB8+n+96kQVgyw+hiD6N+Rti1a9d+mAZGY73JA4qhUCHd32lqD6OpJX5j423jmtNljWnwmAdGc+7Xk5OTeE8sZtktuT//JTBK76Exo1355DP/dmndB0bRph93aonbruuZuq8va9ng5r/6HUmAAAECBAgQIECAAIFxgUsNjGIp6bK0NCBZ5wFr3cBoaC+fgTouNr1Oz9+27V/S2R3xGvKH1ak9jNJru3fv3iPJkrmL5Vq9TR889W1btc6pwCgPo7rruNjseywwig/p+VK5ZRsu58vh0mVDQ32bGxiNjTfnms/Ozl7Ng8KBwPNiY/Vlyyej89T9ev/+/R9M9H3jwGhXPnlgtGvrfDnrVGC063oERv60EiBAgAABAgQIECDwsAtcemDUz3ho2/brTdP8OJsFtNKbyqYewGPT4oyY/tw1BUb9W9jyN1/FZU9Xr16N+yEtNs+uLTDq68n2qRncYyqtvdtjahGMnZ6e/jV/u93cwCj9AU32hlqMF0L4TDpzZ52QbJXAqB976m10U/frLgOjXfkIjP4pO9XfTd68+LD/4XF9BAgQIECAAAECBAjUL3DpgVGyt8itEMIX+zc/jS2dyRmnHtDywGjOUq9tL0nLHx6z2UyPTSxNupgRlG5EnS7xGggIFgHUnCU6QxuPr9qvdC+q09PTN3cZGMVrT8drmua98/PzWcvwli1JG5rRtWyW3NT9usslafnPzrZ8LEkTGNX/502FBAgQIECAAAECBAjMEbj0wCgW288EiW8B65c2DW1yvexV2lMP4AOB0dSmwqNBzCabXqchztgeRmnw0r/FbGzT61X3rkmcF4HRipsAvx5CWGkPo2W9yYOkdOnQLmYYrTLexEbMg9fcvz1v1U2vV9mkfeSeiG9ZW2vT61Xvg136pL945txfU9ab7GG063qGrn1Zf80wmvMnyrEECBAgQIAAAQIECJQSKBIYJUt4Ll5dHwGSh7yn4tdpoLTOA1oeGMWvh15XH0L4Y/JGpME9jOLDar4PTAjhhXR21Dp7GPW1NU3zTHdND+xjNKfO/CbKl+Itee35x7oH9hiqjYUnF68oH+tNGgj29fT7GC3bnDlZSrZ4ZfyqYUh//uT4xf9K902ac80D1/JyCCG+He/F+Pa8bClarHtwid5UwBkDhYm+b7yH0Vg/4mdzfdJ7bu65sj4+YL3uHkbbuLaxetb5fSQwKvXnzbgECBAgQIAAAQIECMwRKBIYzSl4W8cO7Wu06rnTt7sdHx9/sOpxm3zfnDqnxhvaGHjqmH3/fM415/st7dJil30fq3uOT37eOefahXVt9ezy/nFuAgQIECBAgAABAgQIzBX4SARG+d4yU29YSlGHZocsW441txlz6pwaO1+aNPW6+qnz7cPnc655aInZOm/yW8dnl30fq2OOT37eOefahXVt9axzP/heAgQIECBAgAABAgQI1CDwkQiMBpaUPbAMbKoRqy49mjrP1Odz65w6/9jSralj9/XzOdecLrGK179sieRcm133fay+OT75eeecaxfWtdUz9z5xPAECBAgQIECAAAECBC5T4CMRGF0mqLEIECBAgAABAgQIECBAgAABAvsuIDDa9w6qnwABAgQIECBAgAABAgQIECCwZQGB0ZZBnY4AAQIECBAgQIAAAQIECBAgsO8CAqN976D6CRAgQIAAAQIECBAgQIAAAQJbFhAYbRnU6QgQIECAAAECBAgQIECAAAEC+y4gMNr3DqqfAAECBAgQIECAAAECBAgQILBlAYHRlkGdjgABAgQIECBAgAABAgQIECCw7wICo33voPoJECBAgAABAgQIECBAgAABAlsWEBhtGdTpCBAgQIAAAQIECBAgQIAAAQL7LiAw2vcOqp8AAQIECBAgQIAAAQIECBAgsGUBgdGWQZ2OAAECBAgQIECAAAECBAgQILDvAgKjfe+g+gkQIECAAAECBAgQIECAAAECWxYQGG0Z1OkIECBAgAABAgQIECBAgAABAvsuIDDa9w6qnwABAgQIECBAgAABAgQIECCwZQGB0ZZBnY4AAQIECBAgQIAAAQIECBAgsO8CAqN976D6CRAgQIAAAQIECBAgQIAAAQJbFtjLwOj69esfv3r16m8ODg5eevfdd383ZHLz5s1vhxB+Hj9rmubzy74vfh6/t23bL1y7du07t2/f/se6xo8//vjn2rZ9uzvuhbZtnxmrbd3z99+/bp1ZXc/duXPnF8vGvnnz5qdDCK+HEL51586dP21a47rHxV4eHh7+MoTwYhx33Wtcd7z0+y/rmle5X8eu44knnnjk/v37P2ua5pm2bd9pmuZW27ZPbXq/rmq2TZ+557px48ZPYt137979/qr1j33f3HrSc8/t7zauxzkIECBAgAABAgQIECCwbYGHMjDqH7APDg5eGwuKNg1i8ibEh9mmaY5jILPLh8d1w5S0rqkbZ5sP0FNj5Q/bAqNxsa43r56enj57fHz8wbr3wTr92FWgNvf+Ehht2kXHESBAgAABAgQIECBAYDOBSw2Mhh76uoff63HmQB+2NE3zVLyctm1fGZpR0H9fCOHtpmle6r73nbOzs6/E/46zj5Jz3IozMU5PT5/sZwG1bXuraZq/tW3793j+bjbS1zrCL3f/vpiRk87w6D57IYTwjfPz8+82TfNinPnR1/Dhhx9+88qVK78aqi0+7Mfv64KcB+ruP0tnBa1bZ38L5PXGWSnR5vDw8BMhhLdCCI92M1XebNv2RvQ5OTl5tJthdDuE8L3uehZ2cdbVqr2Jx6Wzu0II74cQvhRnD3Xn+GnTNHdDCD9q2/bXTdN8KoTwZDwuzgRr2/axEMLSXgzd5svG62qJM6c2uua8VyGEl9u2/Wo/e6wLQRbnzu+ZtM6x+3Wq7wcHB28ls9fiaZ/rzr2y0S590utMPda9v6asu98dnwwhPNb/bK8wc3BnvV+3v5v9enYUAQIECBAgQIAAAQIEyglcamAUw5Dz8/NXYngRH5TTmUCHh4d/6Jbd/DbO1ElCj8XXSx7Q3ouBRvwsHhtC+HMMgPIZRv2DbNM0z8YZR30o0wdS/QN1/wDafR6XSS2Cjv5hNR2raZrPpp/nM4xCCIO15bND0q+70OatTevMb6OhmU9N07wWPXuTtm1/nwRGMZx4IwvvXjs6Onpj1d7kPU6/jvXFMC+GaX0QOLQkLS4lXNaL/BpXGW+Ta+6M4lLF5/v7tQ/6Ym0nJyd302WRYzPLksBo2T2xCDZG+h4/f2CG0apGu/QZ+pnchXX8me3sn+5/5rqfm4ve5PdFEnCufb9P9T6ftTjV33K/3o1MgAABAgQIECBAgACBzQUuNTDKH6rTpTZHR0c30jBp7JKGHs7T4KUPkPolaekspvhZHyj1AVMe4qTnj8FAumQqHj8UKI0tSctCoaeX7Zc0p86hpXdpYNQFB8+n+96kQVgyw+hiD6N+Rti1a9d+mAZGY73JA4qhUCHd32lqD6OpJX5j423jmtNljWnwmAdGc+7Xk5OTeE8sZtktuT//JTBK76Exo1355DP/dmndB0bRph93aonbruuZuq8va9ng5r/6HUmAAAECBAgQIECAAIFxgUsNjGIp6bK0NCBZ5wFr3cBoaC+fgTouNr1Oz9+27V/S2R3xGvKH1ak9jNJru3fv3iPJkrmL5Vq9TR889W1btc6pwCgPo7rruNjseywwig/p+VK5ZRsu58vh0mVDQ32bGxiNjTfnms/Ozl7Ng8KBwPNiY/Vlyyej89T9ev/+/R9M9H3jwGhXPnlgtGvrfDnrVGC063oERv60EiBAgAABAgQIECDwsAtcemDUz3ho2/brTdP8OJsFtNKbyqYewGPT4oyY/tw1BUb9W9jyN1/FZU9Xr16N+yEtNs+uLTDq68n2qRncYyqtvdtjahGMnZ6e/jV/u93cwCj9AU32hlqMF0L4TDpzZ52QbJXAqB976m10U/frLgOjXfkIjP4pO9XfTd68+LD/4XF9BAgQIECAAAECBAjUL3DpgVGyt8itEMIX+zc/jS2dyRmnHtDywGjOUq9tL0nLHx6z2UyPTSxNupgRlG5EnS7xGggIFgHUnCU6QxuPr9qvdC+q09PTN3cZGMVrT8drmua98/PzWcvwli1JG5rRtWyW3NT9usslafnPzrZ8LEkTGNX/502FBAgQIECAAAECBAjMEbj0wCgW288EiW8B65c2DW1yvexV2lMP4AOB0dSmwqNBzCabXqchztgeRmnw0r/FbGzT61X3rkmcF4HRipsAvx5CWGkPo2W9yYOkdOnQLmYYrTLexEbMg9fcvz1v1U2vV9mkfeSeiG9ZW2vT61Xvg136pL945txfU9ab7GG063qGrn1Zf80wmvMnyrEECBAgQIAAAQIECJQSKBIYJUt4Ll5dHwGSh7yn4tdpoLTOA1oeGMWvh15XH0L4Y/JGpME9jOLDar4PTAjhhXR21Dp7GPW1NU3zTHdND+xjNKfO/CbKl+Itee35x7oH9hiqjYUnF68oH+tNGgj29fT7GC3bnDlZSrZ4ZfyqYUh//uT4xf9K902ac80D1/JyCCG+He/F+Pa8bClarHtwid5UwBkDhYm+b7yH0Vg/4mdzfdJ7bu65sj4+YL3uHkbbuLaxetb5fSQwKvXnzbgECBAgQIAAAQIECMwRKBIYzSl4W8cO7Wu06rnTt7sdHx9/sOpxm3zfnDqnxhvaGHjqmH3/fM415/st7dJil30fq3uOT37eOefahXVt9ezy/nFuAgQIECBAgAABAgQIzBX4SARG+d4yU29YSlGHZocsW441txlz6pwaO1+aNPW6+qnz7cPnc655aInZOm/yW8dnl30fq2OOT37eOefahXVt9axzP/heAgQIECBAgAABAgQI1CDwkQiMBpaUPbAMbKoRqy49mjrP1Odz65w6/9jSralj9/XzOdecLrGK179sieRcm133fay+OT75eeecaxfWtdUz9z5xPAECBAgQIECAAAECBC5T4CMRGF0mqLEIECBAgAABAgQIECBAgAABAvsuIDDa9w6qnwABAgQIECBAgAABAgQIECCwZQGB0ZZBnY4AAQIECBAgQIAAAQIECBAgsO8CAqN976D6CRAgQIAAAQIECBAgQIAAAQJbFhAYbRnU6QgQIECAAAECBAgQIECAAAEC+y4gMNr3DqqfAAECBAgQIECAAAECBAgQILBlAYHRlkGdjgABAgQIECBAgAABAgQIECCw7wICo33voPoJECBAgAABAgQIECBAgAABAlsWEBhtGdTpCBAgQIAAAQIECBAgQIAAAQL7LiAw2vcOqp8AAQIECBAgQIAAAQIECBAgsGUBgdGWQZ2OAAECBAgQIECAAAECBAgQILDvAgKjfe+g+gkQIECAAAECBAgQIECAAAECWxYQGG0Z1OkIECBAgAABAgQIECBAgAABAvsuIDDa9w6qnwABAgQIECBAgAABAgQIECCwZQGB0ZZBnY4AAQIECBAgQIAAAQIECBAgsO8CAqN976D6CRAgQIAAAQIECBAgQIAAAQJbFtjLwOj69esfv3r16m8ODg5eevfdd383ZHLz5s1vhxB+Hj9rmubzy74vfh6/t23bL1y7du07t2/f/se6xo8//vjn2rZ9uzvuhbZtnxmrbd3z99+/bp1ZXc/duXPnF8vGvnnz5qdDCK+HEL51586dP21a47rHxV4eHh7+MoTwYhx33Wtcd7z0+y/rmle5X8eu44knnnjk/v37P2ua5pm2bd9pmuZW27ZPbXq/rmq2TZ+557px48ZPYt137979/qr1j33f3HrSc8/t7zauxzkIECBAgAABAgQIECCwbYGHMjDqH7APDg5eGwuKNg1i8ibEh9mmaY5jILPLh8d1w5S0rqkbZ5sP0FNj5Q/bAqNxsa43r56enj57fHz8wbr3wTr92FWgNvf+Ehht2kXHESBAgAABAgQIECBAYDOBSw2Mhh76uoff63HmQB+2NE3zVLyctm1fGZpR0H9fCOHtpmle6r73nbOzs6/E/46zj5Jz3IozMU5PT5/sZwG1bXuraZq/tW3793j+bjbS1zrCL3f/vpiRk87w6D57IYTwjfPz8+82TfNinPnR1/Dhhx9+88qVK78aqi0+7Mfv64KcB+ruP0tnBa1bZ38L5PXGWSnR5vDw8BMhhLdCCI92M1XebNv2RvQ5OTl5tJthdDuE8L3uehZ2cdbVqr2Jx6Wzu0II74cQvhRnD3Xn+GnTNHdDCD9q2/bXTdN8KoTwZDwuzgRr2/axEMLSXgzd5svG62qJM6c2uua8VyGEl9u2/Wo/e6wLQRbnzu+ZtM6x+3Wq7wcHB28ls9fiaZ/rzr2y0S590utMPda9v6asu98dnwwhPNb/bK8wc3BnvV+3v5v9enYUAQIECBAgQIAAAQIEyglcamAUw5Dz8/NXYngRH5TTmUCHh4d/6Jbd/DbO1ElCj8XXSx7Q3ouBRvwsHhtC+HMMgPIZRv2DbNM0z8YZR30o0wdS/QN1/wDafR6XSS2Cjv5hNR2raZrPpp/nM4xCCIO15bND0q+70OatTevMb6OhmU9N07wWPXuTtm1/nwRGMZx4IwvvXjs6Onpj1d7kPU6/jvXFMC+GaX0QOLQkLS4lXNaL/BpXGW+Ta+6M4lLF5/v7tQ/6Ym0nJyd302WRYzPLksBo2T2xCDZG+h4/f2CG0apGu/QZ+pnchXX8me3sn+5/5rqfm4ve5PdFEnCufb9P9T6ftTjV33K/3o1MgAABAgQIECBAgACBzQUuNTDKH6rTpTZHR0c30jBp7JKGHs7T4KUPkPolaekspvhZHyj1AVMe4qTnj8FAumQqHj8UKI0tSctCoaeX7Zc0p86hpXdpYNQFB8+n+96kQVgyw+hiD6N+Rti1a9d+mAZGY73JA4qhUCHd32lqD6OpJX5j423jmtNljWnwmAdGc+7Xk5OTeE8sZtktuT//JTBK76Exo1355DP/dmndB0bRph93aonbruuZuq8va9ng5r/6HUmAAAECBAgQIECAAIFxgUsNjGIp6bK0NCBZ5wFr3cBoaC+fgTouNr1Oz9+27V/S2R3xGvKH1ak9jNJru3fv3iPJkrmL5Vq9TR889W1btc6pwCgPo7rruNjseywwig/p+VK5ZRsu58vh0mVDQ32bGxiNjTfnms/Ozl7Ng8KBwPNiY/Vlyyej89T9ev/+/R9M9H3jwGhXPnlgtGvrfDnrVGC063oERv60EiBAgAABAgQIECDwsAtcemDUz3ho2/brTdP8OJsFtNKbyqYewGPT4oyY/tw1BUb9W9jyN1/FZU9Xr16N+yEtNs+uLTDq68n2qRncYyqtvdtjahGMnZ6e/jV/u93cwCj9AU32hlqMF0L4TDpzZ52QbJXAqB976m10U/frLgOjXfkIjP4pO9XfTd68+LD/4XF9BAgQIECAAAECBAjUL3DpgVGyt8itEMIX+zc/jS2dyRmnHtDywGjOUq9tL0nLHx6z2UyPTSxNupgRlG5EnS7xGggIFgHUnCU6QxuPr9qvdC+q09PTN3cZGMVrT8drmua98/PzWcvwli1JG5rRtWyW3NT9usslafnPzrZ8LEkTGNX/502FBAgQIECAAAECBAjMEbj0wCgW288EiW8B65c2DW1yvexV2lMP4AOB0dSmwqNBzCabXqchztgeRmnw0r/FbGzT61X3rkmcF4HRipsAvx5CWGkPo2W9yYOkdOnQLmYYrTLexEbMg9fcvz1v1U2vV9mkfeSeiG9ZW2vT61Xvg136pL945txfU9ab7GG063qGrn1Zf80wmvMnyrEECBAgQIAAAQIECJQSKBIYJUt4Ll5dHwGSh7yn4tdpoLTOA1oeGMWvh15XH0L4Y/JGpME9jOLDar4PTAjhhXR21Dp7GPW1NU3zTHdND+xjNKfO/CbKl+Itee35x7oH9hiqjYUnF68oH+tNGgj29fT7GC3bnDlZSrZ4ZfyqYUh//uT4xf9K902ac80D1/JyCCG+He/F+Pa8bClarHtwid5UwBkDhYm+b7yH0Vg/4mdzfdJ7bu65sj4+YL3uHkbbuLaxetb5fSQwKvXnzbgECBAgQIAAAQIECMwRKBIYzSl4W8cO7Wu06rnTt7sdHx9/sOpxm3zfnDqnxhvaGHjqmH3/fM415/st7dJil30fq3uOT37eOefahXVt9ezy/nFuAgQIECBAgAABAgQIzBX4SARG+d4yU29YSlGHZocsW441txlz6pwaO1+aNPW6+qnz7cPnc655aInZOm/yW8dnl30fq2OOT37eOefahXVt9axzP/heAgQIECBAgAABAgQI1CDwkQiMBpaUPbAMbKoRqy49mjrP1Odz65w6/9jSralj9/XzOdecLrGK179sieRcm133fay+OT75eeecaxfWtdUz9z5xPAECBAgQIECAAAECBC5T4CMRGF0mqLEIECBAgAABAgQIECBAgAABAvsuIDDa9w6qnwABAgQIECBAgAABAgQIECCwZQGB0ZZBnY4AAQIECBAgQIAAAQIECBAgsO8CAqN976D6CRAgQIAAAQIECBAgQIAAAQJbFhAYbRnU6QgQIECAAAECBAgQIECAAAEC+y4gMNr3DqqfAAECBAgQIECAAAECBAgQILBlAYHRlkGdjgABAgQIECBAgAABAgQIECCw7wICo33voPoJECBAgAABAgQIECBAgAABAlsWEBhtGdTpCBAgQIAAAQIECBAgQIAAAQL7LiAw2vcOqp8AAQIECBAgQIAAAQIECBAgsGUBgdGWQZ2OAAECBAgQIECAAAECBAgQILDvAgKjfe+g+gkQIECAAAECBAgQIECAAAECWxYQGG0Z1OkIECBAgAABAgQIECBAgAABAvsuIDDa9w6qnwABAgQIECBAgAABAgQIECCwZQGB0ZZBnY4AAQIECBAgQIAAAQIECBAgsO8CAqN976D6CRAgQIAAAQIECBAgQIAAAQJbFtjLwOj69esfv3r16m8ODg5eevfdd383ZHLz5s1vhxB+Hj9rmubzy74vfh6/t23bL1y7du07t2/f/se6xo8//vjn2rZ9uzvuhbZtnxmrbd3z99+/bp1ZXc/duXPnF8vGvnnz5qdDCK+HEL51586dP21a47rHxV4eHh7+MoTwYhx33Wtcd7z0+y/rmle5X8eu44knnnjk/v37P2ua5pm2bd9pmuZW27ZPbXq/rmq2TZ+557px48ZPYt137979/qr1j33f3HrSc8/t7zauxzkIECBAgAABAhOY7QcAACAASURBVAQIECCwbYGHMjDqH7APDg5eGwuKNg1i8ibEh9mmaY5jILPLh8d1w5S0rqkbZ5sP0FNj5Q/bAqNxsa43r56enj57fHz8wbr3wTr92FWgNvf+Ehht2kXHESBAgAABAgQIECBAYDOBSw2Mhh76uoff63HmQB+2NE3zVLyctm1fGZpR0H9fCOHtpmle6r73nbOzs6/E/46zj5Jz3IozMU5PT5/sZwG1bXuraZq/tW3793j+bjbS1zrCL3f/vpiRk87w6D57IYTwjfPz8+82TfNinPnR1/Dhhx9+88qVK78aqi0+7Mfv64KcB+ruP0tnBa1bZ38L5PXGWSnR5vDw8BMhhLdCCI92M1XebNv2RvQ5OTl5tJthdDuE8L3uehZ2cdbVqr2Jx6Wzu0II74cQvhRnD3Xn+GnTNHdDCD9q2/bXTdN8KoTwZDwuzgRr2/axEMLSXgzd5svG62qJM6c2uua8VyGEl9u2/Wo/e6wLQRbnzu+ZtM6x+3Wq7wcHB28ls9fiaZ/rzr2y0S590utMPda9v6asu98dnwwhPNb/bK8wc3BnvV+3v5v9enYUAQIECBAgQIAAAQIEyglcamAUw5Dz8/NXYngRH5TTmUCHh4d/6Jbd/DbO1ElCj8XXSx7Q3ouBRvwsHhtC+HMMgPIZRv2DbNM0z8YZR30o0wdS/QN1/wDafR6XSS2Cjv5hNR2raZrPpp/nM4xCCIO15bND0q+70OatTevMb6OhmU9N07wWPXuTtm1/nwRGMZx4IwvvXjs6Onpj1d7kPU6/jvXFMC+GaX0QOLQkLS4lXNaL/BpXGW+Ta+6M4lLF5/v7tQ/6Ym0nJyd302WRYzPLksBo2T2xCDZG+h4/f2CG0apGu/QZ+pnchXX8me3sn+5/5rqfm4ve5PdFEnCufb9P9T6ftTjV33K/3o1MgAABAgQIECBAgACBzQUuNTDKH6rTpTZHR0c30jBp7JKGHs7T4KUPkPolaekspvhZHyj1AVMe4qTnj8FAumQqHj8UKI0tSctCoaeX7Zc0p86hpXdpYNQFB8+n+96kQVgyw+hiD6N+Rti1a9d+mAZGY73JA4qhUCHd32lqD6OpJX5j423jmtNljWnwmAdGc+7Xk5OTeE8sZtktuT//JTBK76Exo1355DP/dmndB0bRph93aonbruuZuq8va9ng5r/6HUmAAAECBAgQIECAAIFxgUsNjGIp6bK0NCBZ5wFr3cBoaC+fgTouNr1Oz9+27V/S2R3xGvKH1ak9jNJru3fv3iPJkrmL5Vq9TR889W1btc6pwCgPo7rruNjseywwig/p+VK5ZRsu58vh0mVDQ32bGxiNjTfnms/Ozl7Ng8KBwPNiY/Vlyyej89T9ev/+/R9M9H3jwGhXPnlgtGvrfDnrVGC063oERv60EiBAgAABAgQIECDwsAtcemDUz3ho2/brTdP8OJsFtNKbyqYewGPT4oyY/tw1BUb9W9jyN1/FZU9Xr16N+yEtNs+uLTDq68n2qRncYyqtvdtjahGMnZ6e/jV/u93cwCj9AU32hlqMF0L4TDpzZ52QbJXAqB976m10U/frLgOjXfkIjP4pO9XfTd68+LD/4XF9BAgQIECAAAECBAjUL3DpgVGyt8itEMIX+zc/jS2dyRmnHtDywGjOUq9tL0nLHx6z2UyPTSxNupgRlG5EnS7xGggIFgHUnCU6QxuPr9qvdC+q09PTN3cZGMVrT8drmua98/PzWcvwli1JG5rRtWyW3NT9usslafnPzrZ8LEkTGNX/502FBAgQIECAAAECBAjMEbj0wCgW288EiW8B65c2DW1yvexV2lMP4AOB0dSmwqNBzCabXqchztgeRmnw0r/FbGzT61X3rkmcF4HRipsAvx5CWGkPo2W9yYOkdOnQLmYYrTLexEbMg9fcvz1v1U2vV9mkfeSeiG9ZW2vT61Xvg136pL945txfU9ab7GG063qGrn1Zf80wmvMnyrEECBAgQIAAAQIECJQSKBIYJUt4Ll5dHwGSh7yn4tdpoLTOA1oeGMWvh15XH0L4Y/JGpME9jOLDar4PTAjhhXR21Dp7GPW1NU3zTHdND+xjNKfO/CbKl+Itee35x7oH9hiqjYUnF68oH+tNGgj29fT7GC3bnDlZSrZ4ZfyqYUh//uT4xf9K902ac80D1/JyCCG+He/F+Pa8bClarHtwid5UwBkDhYm+b7yH0Vg/4mdzfdJ7bu65sj4+YL3uHkbbuLaxetb5fSQwKvXnzbgECBAgQIAAAQIECMwRKBIYzSl4W8cO7Wu06rnTt7sdHx9/sOpxm3zfnDqnxhvaGHjqmH3/fM415/st7dJil30fq3uOT37eOefahXVt9ezy/nFuAgQIECBAgAABAgQIzBX4SARG+d4yU29YSlGHZocsW441txlz6pwaO1+aNPW6+qnz7cPnc655aInZOm/yW8dnl30fq2OOT37eOefahXVt9axzP/heAgQIECBAgAABAgQI1CDwkQiMBpaUPbAMbKoRqy49mjrP1Odz65w6/9jSralj9/XzOdecLrGK179sieRcm133fay+OT75eeecaxfWtdUz9z5xPAECBAgQIECAAAECBC5T4CMRGF0mqLEIECBAgAABAgQIECBAgAABAvsuIDDa9w6qnwABAgQIECBAgAABAgQIECCwZQGB0ZZBnY4AAQIECBAgQIAAAQIECBAgsO8CAqN976D6CRAgQIAAAQIECBAgQIAAAQJbFhAYbRnU6QgQIECAAAECBAgQIECAAAEC+y4gMNr3DqqfAAECBAgQIECAAAECBAgQILBlAYHRlkGdjgABAgQIECBAgAABAgQIECCw7wICo33voPoJECBAgAABAgQIECBAgAABAlsWEBhtGdTpCBAgQIAAAQIECBAgQIAAAQL7LiAw2vcOqp8AAQIECBAgQIAAAQIECBAgsGUBgdGWQZ2OAAECBAgQIECAAAECBAgQILDvAgKjfe+g+gkQIECAAAECBAgQIECAAAECWxYQGG0Z1OkIECBAgAABAgQIECBAgAABAvsuIDDa9w6qnwABAgQIECBAgAABAgQIECCwZQGB0ZZBnY4AAQIECBAgQIAAAQIECBAgsO8CAqN976D6CRAgQIAAAQIECBAgQIAAAQJbFhAYbRnU6QgQIECAAAECBAgQIECAAAEC+y4gMNr3DqqfAAECBAgQIECAAAECBAgQILBlAYHRlkGdjgABAgQIECBAgAABAgQIECCw7wICo33voPoJECBAgAABAgQIECBAgAABAlsWEBhtGdTpCBAgQIAAAQIECBAgQIAAAQL7LiAw2vcOqp8AAQIECBAgQIAAAQIECBAgsGUBgdGWQZ2OAAECBAgQIECAAAECBAgQILDvAgKjfe+g+gkQIECAAAECBAgQIECAAAECWxYQGG0Z1OkIECBAgAABAgQIECBAgAABAvsuIDDa9w6qnwABAgQIECBAgAABAgQIECCwZQGB0ZZBnY4AAQIECBAgQIAAAQIECBAgsO8CAqN976D6CRAgQIAAAQIECBAgQIAAAQJbFhAYbRnU6QgQILAPAjdv3vx2COHnea1t2966du3ad27fvv2PbV3HE0888cjJycmrIYT/cefOnT9t67z9NeQ1P/74459r2/bttm1fuXv37ve3Nd42z9PXOHTOpmk+/+677/5ulfGiQdu2X9ikZ9evX//41atXf3NwcPDS0Hg3b978dAjhrRDCo30taW3d56+HEL61zb72Y924ceMn8b9r7eEq/fE9BAgQIECAAIF9FhAY7XP31E6AAIENBZYFRvF0bdu+c3Z29pXj4+MPNjz9xWExLLp///7Pmqb5bAjhS9sMFrJreO7OnTu/iAPvS2B0fn7+fB70dLX/clWrXQVGQ2FQEiD9MFoLjOb+dDieAAECBAgQIFC3gMCo7v6ojgABAjsRSMKWi6AlCXeeSWfn5DNNhmbuZOHN+zHwODo6er8Li55JLmIx3tQ54+ySpmleimN1//6XEGtozBhI5YFRel15HfHrfqwQwgshhP8aZ9T015h8trimPvAamH1z4dh/1rbt75fN/Ik1DgVGSa2/7QOwpIZF+Vlv4kyxr3XX9eXu3xe15LN00pDn9PT0r8tmGC0LotL/f3JyEmcexRlGt0MI3+tqe2CG2gq1/8e2bf9d0zT9PTJYe+8SQngshpn/9m//9o9l91Y3c+qnTdPcDSH8aBez5nbyQ+mkBAgQIECAAIHKBARGlTVEOQQIELgMgaHAKI6bhx1dKPDAsqQ8GFgyW+n98/Pz/9I0zYtJGBAPfS6E8H/zpU75OceCht4nH7cPUvLAKD9Xd/xFALTk89A0zf9p2/Y/9eP1wcMyk3651jYDoy7w+WQfPPXXloy1WFrYf53PUNo0MMrHGbonk+t8Iy4b65e4NU3zWgy7tlX7tWvXfhjDoRDCn+M4SXi0+Lq7b6PDD2Ko1wdhIYS3LWe7jN8mxiBAgAABAgQeVgGB0cPaWddFgACBEYFlgVH/0B8PjTM5rl69GgOfl2LQE0OAdLZODClOTk7uxlkqTdP8h34GTnruo6OjN/IlaUlAM3jOuJ9OOsNo2UN/Ms4Lbds+FYOpWFMXPi3dw6g/dx+y5GMleyMtZjUdHh5+IgZcbdv+v+7rr6YhTWL23qp7CS2bYTS1JC3fdyifCZR/vmlglIQwF/tc5TN1hpakje07tGnt3W18EZqNhFeL/ZTGZk75pUCAAAECBAgQILC6gMBodSvfSYAAgYdGYJXA6MMPP/zmlStXftWHR/2eRsmGzRezhZYtv8r3MEpmfywCqaFz9rNTYlA1tgF0eg1N07zXbXT9zsHBwX9r2/Z/5Uvn8hlJeWCUzdK5CJxGQrQH7od19n4a2fT6gaVv/QDLat9lYJReXDYLK11W+MCm10OB0Zzau7AylnKxVG2kroWdwOih+TXlQggQIECAAIHCAgKjwg0wPAECBEoIrLgk7YX79+//tN83ZhuBUb+v0dg5NwmMsmMWS8nyfYiWBUT5jKN8SduqgVEIYTDsGepvPsMoGeOBZVT5bKd4rnTfocsKjPpr6Op+JZl5tTQw2lLtn2ya5r+HEP5n+ja2ZFbYYs+kZD8lM4xK/EIxJgECBAgQIPBQCgiMHsq2uigCBAiMCywLjPLlYlPLx5IlaXFJ2OJ18Gng0u8/k74lbeqc6ZK0VWcYxcAo2UPnqXj1MTA6Ozt7NQYs8et8s+RNZxgdHh4+sCRtk3ttaEla/hayfnbWwcHBa/1r7zdd1pXs9fPpbqPqpcHK0Mbb/TWmy9C6/zcYGPV931bt6X5I9+7de+Tw8DC+Se7FbBNyS9I2uRkdQ4AAAQIECBBYIiAwcmsQIEDgIyiwZKPqhUS6tGrgbWD991y8DWvZptdDb0rr3noWH/ZHN9LOZ/0MtWgo9EqXeqWBUdM0ixAp/WdGYLTY0yi+TS09Xz+jac6m1/01xdoODw//0O3/tHhjWr5/VAyRpmYYdZ8/3y//61yfnlq6tWzT63TJ2dgeRklQuHHt6Vjphtqnp6dvprOsks8W+2hZkvYR/IXmkgkQIECAAIGdCAiMdsLqpAQIEKhbYFlgNPQK8jw0yvcGile6bJ+a+Fke4sTZLlPn3DQwSkOV/K1pXRh2q1vi9L/btl283WvdJWlxad5A/WmAFmfxxE2yf79sE+xlm17HGtNQp7uLLsKppmn+8/n5+Tf6N4ZNBUapRzxX0zRfb9v2W3F2zlSwsiQsvNhLaGrT6/z4dWvP90NKNwRvmubfxz2rOp/3m6Z59vz8/JX4hrY8UKr7J1F1BAgQIECAAIF6BQRG9fZGZQQIECBAgAABAgQIECBAgACBIgICoyLsBiVAgAABAgQIECBAgAABAgQI1CsgMKq3NyojQIAAAQIECBAgQIAAAQIECBQREBgVYTcoAQIECBAgQIAAAQIECBAgQKBeAYFRvb1RGQECBAgQIECAAAECBAgQIECgiIDAqAi7QQkQIECAAAECBAgQIECAAAEC9QoIjOrtjcoIECBAgAABAgQIECBAgAABAkUEBEZF2A1KgAABAgQIECBAgAABAgQIEKhXQGBUb29URoAAAQIECBAgQIAAAQIECBAoIiAwKsJuUAIECBAgQIAAAQIECBAgQIBAvQICo3p7ozICBAgQIECAAAECBAgQIECAQBEBgVERdoMSIECAAAECBAgQIECAAAECBOoVEBjV2xuVESBAgAABAgQIECBAgAABAgSKCAiMirAblAABAgQIECBAgAABAgQIECBQr4DAqN7eqIwAAQIECBAgQIAAAQIECBAgUERAYFSE3aAECBAgQIAAAQIECBAgQIAAgXoFBEb19kZlBAgQIECAAAECBAgQIECAAIEiAgKjIuwGJUCAAAECBAgQIECAAAECBAjUKyAwqrc3KiNAgAABAgQIECBAgAABAgQIFBEQGBVhNygBAgQIECBAgAABAgQIECBAoF4BgVG9vVEZAQIECBAgQIAAAQIECBAgQKCIgMCoCLtBCRAgQIAAAQIECBAgQIAAAQL1CgiM6u2NyggQIECAAAECBAgQIECAAAECRQQERkXYDUqAAAECBAgQIECAAAECBAgQqFdAYFRvb1RGgAABAgQIECBAgAABAgQIECgiIDAqwm5QAgQIECBAgAABAgQIECBAgEC9AgKjenujMgIECBAgQIAAAQIECBAgQIBAEQGBURF2gxIgQIAAAQIECBAgQIAAAQIE6hUQGNXbG5URIECAAAECBAgQIECAAAECBIoICIyKsBuUAAECBAgQIECAAAECBAgQIFCvgMCo3t6ojAABAgQIECBAgAABAgQIECBQREBgVITdoAQIECBAgAABAgQIECBAgACBegUERvX2RmUECBAgQIAAAQIECBAgQIAAgSICAqMi7AYlQIAAAQIECBAgQIAAAQIECNQrIDCqtzcqI0CAAAECBAgQIECAAAECBAgUERAYFWE3KAECBAgQIECAAAECBAgQIECgXgGBUb29URkBAgQIECBAgAABAgQIECBAoIiAwKgIu0EJECBAgAABAgQIECBAgAABAvUKCIzq7Y3KCBAgQIAAAQIECBAgQIAAAQJFBARGRdgNSoAAAQIECBAgQIAAAQIECBCoV0BgVG9vVEaAAAECBAgQIECAAAECBAgQKCIgMCrCblACBAgQIECAAAECBAgQIECAQL0CAqN6e6MyAgQIECBAgAABAgQIECBAgEARAYFREXaDEiBAgAABAgQIECBAgAABAgTqFRAY1dsblREgQIAAAQIECBAgQIAAAQIEiggIjIqwG5QAAQIECBAgQIAAAQIECBAgUK+AwKje3qiMAAECBAgQIECAAAECBAgQIFBEQGBUhN2gBAgQIECAAAECBAgQIECAAIF6BQRG9fZGZQQIECBAgAABAgQIECBAgACBIgICoyLsBiVAgAABAgQIECBAgAABAgQI1CsgMKq3NyojQIAAAQIECBAgQIAAAQIECBQREBgVYTcoAQIECBAgQIAAAQIECBAgQKBeAYFRvb1RGQECBAgQIECAAAECBAgQIECgiIDAqAi7QQkQIECAAAECBAgQIECAAAEC9QoIjOrtjcoIECBAgAABAgQIECBAgAABAkUEBEZF2A1KgAABAgQIECBAgAABAgQIEKhXQGBUb29URoAAAQIECBAgQIAAAQIECBAoIiAwKsJuUAIECBAgQIAAAQIECBAgQIBAvQICo3p7ozICBAgQIECAAAECBAgQIECAQBEBgVERdoMSIECAAAECBAgQIECAAAECBOoVEBjV2xuVESBAgAABAgQIECBAgAABAgSKCAiMirAblAABAgQIECBAgAABAgQIECBQr4DAqN7eqIwAAQIECBAgQIAAAQIECBAgUERAYFSE3aAECBAgQIAAAQIECBAgQIAAgXoFBEb19kZlBAgQIECAAAECBAgQIECAAIEiAgKjIuwGJUCAAAECBAgQIECAAAECBAjUKyAwqrc3KiNAgAABAgQIECBAgAABAgQIFBEQGBVhNygBAgQIECBAgAABAgQIECBAoF4BgVG9vVEZAQIECBAgQIAAAQIECBAgQKCIgMCoCLtBCRAgQIAAAQIECBAgQIAAAQL1CgiM6u2NyggQIECAAAECBAgQIECAAAECRQQERkXYDUqAAAECBAgQIECAAAECBAgQqFdAYFRvb1RGgAABAgQIECBAgAABAgQIECgiIDAqwm5QAgQIECBAgAABAgQIECBAgEC9AgKjenujMgIECBAgQIAAAQIECBAgQIBAEQGBURF2gxIgQIAAAQIECBAgQIAAAQIE6hUQGNXbG5URIECAAAECBAgQIECAAAECBIoICIyKsBuUAAECBAgQIECAAAECBAgQIFCvgMCo3t6ojAABAgQIECBAgAABAgQIECBQREBgVITdoAQIECBAgAABAgQIECBAgACBegUERvX2RmUECBAgQIAAAQIECBAgQIAAgSICAqMi7AYlQIAAAQIECBAgQIAAAQIECNQrIDCqtzcqI0CAAAECBAgQIECAAAECBAgUERAYFWE3KAECBAgQIECAAAECBAgQIECgXgGBUb29URkBAgQIECBAgAABAgQIECBAoIiAwKgIu0EJECBAgAABAgQIECBAgAABAvUKCIzq7Y3KCBAgQIAAAQIECBAgQIAAAQJFBARGRdgNSoAAAQIECBAgQIAAAQIECBCoV0BgVG9vVEaAAAECBAgQIECAAAECBAgQKCIgMCrCblACBAgQIECAAAECBAgQIECAQL0CAqN6e6MyAgQIECBAgAABAgQIECBAgEARAYFREXaDEiBAgAABAgQIECBAgAABAgTqFRAY1dsblREgQIAAAQIECBAgQIAAAQIEiggIjIqwG5QAAQIECBAgQIAAAQIECBAgUK+AwKje3qiMAAECBAgQIECAAAECBAgQIFBEQGBUhN2gBAgQIECAAAECBAgQIECAAIF6BQRG9fZGZQQIECBAgAABAgQIECBAgACBIgICoyLsBiVAgAABAgQIECBAgAABAgQI1CsgMKq3NyojQIAAAQIECBAgQIAAAQIECBQREBgVYTcoAQIECBAgQIAAAQIECBAgQKBeAYFRvb1RGQECBAgQIECAAAECBAgQIECgiIDAqAi7QQkQIECAAAECBAgQIECAAAEC9QoIjOrtjcoIECBAgAABAgQIECBAgAABAkUEBEZF2A1KgAABAgQIECBAgAABAgQIEKhXQGBUb29URoAAAQIECBAgQIAAAQIECBAoIiAwKsJuUAIECBAgQIAAAQIECBAgQIBAvQICo3p7ozICBAgQIECAAAECBAgQIECAQBEBgVERdoMSIECAAAECBAgQIECAAAECBOoVEBjV2xuVESBAgAABAgQIECBAgAABAgSKCAiMirAblAABAgQIECBAgAABAgQIECBQr4DAqN7eqIwAAQIECBAgQIAAAQIECBAgUERAYFSE3aAECBAgQIAAAQIECBAgQIAAgXoFBEb19kZlBAgQIECAAAECBAgQIECAAIEiAgKjIuwGJUCAAAECBAgQIECAAAECBAjUKyAwqrc3KiNAgAABAgQIECBAgAABAgQIFBEQGBVhNygBAgQIECBAgAABAgQIECBAoF4BgVG9vVEZAQIECBAgQIAAAQIECBAgQKCIgMCoCLtBCRAgQIAAAQIECBAgQIAAAQL1CgiM6u2NyggQIECAAAECBAgQIECAAAECRQQERkXYDUqAAAECBAgQIECAAAECBAgQqFdAYFRvb1RGgAABAgQIECBAgAABAgQIECgiIDAqwm5QAgQIECBAgAABAgQIECBAgEC9AgKjenujMgIECBAgQIAAAQIECBAgQIBAEQGBURF2gxIgQIAAAQIECBAgQIAAAQIE6hUQGNXbG5URIECAAAECBAgQIECAAAECBIoICIyKsBuUAAECBAgQIECAAAECBAgQIFCvgMCo3t6ojAABAgQIECBAgAABAgQIECBQREBgVITdoAQIECBAgAABAgQIECBAgACBegUERvX2RmUECBAgQIAAAQIECBAgQIAAgSICAqMi7AYlQIAAAQIECBAgQIAAAQIECNQrIDCqtzcqI0CAAAECBAgQIECAAAECBAgUERAYFWE3KAECBAgQIECAAAECBAgQIECgXgGBUb29URkBAgQIECBAgAABAgQIECBAoIiAwKgIu0EJECBAgAABAgQIECBAgAABAvUKCIzq7Y3KCBAgQIAAAQIECBAgQIAAAQJFBARGRdgNSoAAAQIECBAgQIAAAQIECBCoV0BgVG9vVEaAAAECBAgQIECAAAECBAgQKCIgMCrCblACBAgQIECAAAECBAgQIECAQL0CAqN6e6MyAgQIECBAgAABAgQIECBAgEARAYFREXaDEiBAgAABAgQIECBAgAABAgTqFRAY1dsblREgQIAAAQIECBAgQIAAAQIEiggIjIqwG5QAAQIECBAgQIAAAQIECBAgUK+AwKje3qiMAAECBAgQIECAAAECBAgQIFBEQGBUhN2gBAgQIECAAAECBAgQIECAAIF6BQRG9fZGZQQIECBAgAABAgQIECBAgACBIgICoyLsBiVAgAABAgQIECBAgAABAgQI1CsgMKq3NyojQIAAAQIECBAgQIAAAQIECBQREBgVYTcoAQIECBAgQIAAAQIECBAgQKBeAYFRvb1RGQECBAgQIECAAAECBAgQIECgiIDAqAi7QQkQIECAAAECBAgQIECAAAEC9QoIjOrtjcoIECBAgAABAgQIECBAgAABAkUEBEZF2A1KgAABAgQIECBAgAABAgQIEKhXQGBUb29URoAAAQIECBAgQIAAAQIECBAoIiAwKsJuUAIECBAgQIAAAQIECBAgQIBAvQICo3p7ozICBAgQIECAAAECBAgQIECAQBEBgVERdoMSIECAAAECqnm9yQAAEaBJREFUBAgQIECAAAECBOoVEBjV2xuVESBAgAABAgQIECBAgAABAgSKCAiMirAblAABAgQIECBAgAABAgQIECBQr4DAqN7eqIwAAQIECBAgQIAAAQIECBAgUERAYFSE3aAECBAgQIAAAQIECBAgQIAAgXoFBEb19kZlBAgQIECAAAECBAgQIECAAIEiAgKjIuwGJUCAAAECBAgQIECAAAECBAjUKyAwqrc3KiNAgAABAgQIECBAgAABAgQIFBEQGBVhNygBAgQIECBAgAABAgQIECBAoF4BgVG9vVEZAQIECBAgQIAAAQIECBAgQKCIgMCoCLtBCRAgQIAAAQIECBAgQIAAAQL1CgiM6u2NyggQIECAAAECBAgQIECAAAECRQQERkXYDUqAAAECBAgQIECAAAECBAgQqFdAYFRvb1RGgAABAgQIECBAgAABAgQIECgiIDAqwm5QAgQIECBAgAABAgQIECBAgEC9AgKjenujMgIECBAgQIAAAQIECBAgQIBAEQGBURF2gxIgQIAAAQIECBAgQIAAAQIE6hUQGNXbG5URIECAAAECBAgQIECAAAECBIoICIyKsBuUAAECBAgQIECAAAECBAgQIFCvgMCo3t6ojAABAgQIECBAgAABAgQIECBQREBgVITdoAQIECBAgAABAgQIECBAgACBegUERvX2RmUECBAgQIAAAQIECBAgQIAAgSICAqMi7AYlQIAAAQIECBAgQIAAAQIECNQrIDCqtzcqI0CAAAECBAgQIECAAAECBAgUERAYFWE3KAECBAgQIECAAAECBAgQIECgXgGBUb29URkBAgQIECBAgAABAgQIECBAoIiAwKgIu0EJECBAgAABAgQIECBAgAABAvUKCIzq7Y3KCBAgQIAAAQIECBAgQIAAAQJFBARGRdgNSoAAAQIECBAgQIAAAQIECBCoV0BgVG9vVEaAAAECBAgQIECAAAECBAgQKCIgMCrCblACBAgQIECAAAECBAgQIECAQL0CAqN6e6MyAgQIECBAgAABAgQIECBAgEARAYFREXaDEiBAgAABAgQIECBAgAABAgTqFRAY1dsblREgQIAAAQIECBAgQIAAAQIEiggIjIqwG5QAAQIECBAgQIAAAQIECBAgUK+AwKje3qiMAAECBAgQIECAAAECBAgQIFBEQGBUhN2gBAgQIECAAAECBAgQIECAAIF6BQRG9fZGZQQIECBAgAABAgQIECBAgACBIgICoyLsBiVAgAABAgQIECBAgAABAgQI1CsgMKq3NyojQIAAAQIECBAgQIAAAQIECBQREBgVYTcoAQIECBAgQIAAAQIECBAgQKBeAYFRvb1RGQECBAgQIECAAAECBAgQIECgiIDAqAi7QQkQIECAAAECBAgQIECAAAEC9QoIjOrtjcoIECBAgAABAgQIECBAgAABAkUEBEZF2A1KgAABAgQIECBAgAABAgQIEKhXQGBUb29URoAAAQIECBAgQIAAAQIECBAoIiAwKsJuUAIECBAgQIAAAQIECBAgQIBAvQICo3p7ozICBAgQIECAAAECBAgQIECAQBEBgVERdoMSIECAAAECBAgQIECAAAECBOoVEBjV2xuVESBAgAABAgQIECBAgAABAgSKCAiMirAblAABAgQIECBAgAABAgQIECBQr4DAqN7eqIwAAQIECBAgQIAAAQIECBAgUERAYFSE3aAECBAgQIAAAQIECBAgQIAAgXoFBEb19kZlBAgQIECAAAECBAgQIECAAIEiAgKjIuwGJUCAAAECBAgQIECAAAECBAjUKyAwqrc3KiNAgAABAgQIECBAgAABAgQIFBEQGBVhNygBAgQIECBAgAABAgQIECBAoF4BgVG9vVEZAQIECBAgQIAAAQIECBAgQKCIgMCoCLtBCRAgQIAAAQIECBAgQIAAAQL1CgiM6u2NyggQIECAAAECBAgQIECAAAECRQQERkXYDUqAAAECBAgQIECAAAECBAgQqFdAYFRvb1RGgAABAgQIECBAgAABAgQIECgiIDAqwm5QAgQIECBAgAABAgQIECBAgEC9AgKjenujMgIECBAgQIAAAQIECBAgQIBAEQGBURF2gxIgQIAAAQIECBAgQIAAAQIE6hUQGNXbG5URIECAAAECBAgQIECAAAECBIoICIyKsBuUAAECBAgQIECAAAECBAgQIFCvgMCo3t6ojAABAgQIECBAgAABAgQIECBQREBgVITdoAQIECBAgAABAgQIECBAgACBegUERvX2RmUECBAgQIAAAQIECBAgQIAAgSICAqMi7AYlQIAAAQIECBAgQIAAAQIECNQrIDCqtzcqI0CAAAECBAgQIECAAAECBAgUERAYFWE3KAECBAgQIECAAAECBAgQIECgXgGBUb29URkBAgQIECBAgAABAgQIECBAoIiAwKgIu0EJECBAgAABAgQIECBAgAABAvUKCIzq7Y3KCBAgQIAAAQIECBAgQIAAAQJFBARGRdgNSoAAAQIECBAgQIAAAQIECBCoV0BgVG9vVEaAAAECBAgQIECAAAECBAgQKCIgMCrCblACBAgQIECAAAECBAgQIECAQL0CAqN6e6MyAgQIECBAgAABAgQIECBAgEARAYFREXaDEiBAgAABAgQIECBAgAABAgTqFRAY1dsblREgQIAAAQIECBAgQIAAAQIEiggIjIqwG5QAAQIECBAgQIAAAQIECBAgUK+AwKje3qiMAAECBAgQIECAAAECBAgQIFBEQGBUhN2gBAgQIECAAAECBAgQIECAAIF6BQRG9fZGZQQIECBAgAABAgQIECBAgACBIgICoyLsBiVAgAABAgQIECBAgAABAgQI1CsgMKq3NyojQIAAAQIECBAgQIAAAQIECBQREBgVYTcoAQIECBAgQIAAAQIECBAgQKBeAYFRvb1RGQECBAgQIECAAAECBAgQIECgiIDAqAi7QQkQIECAAAECBAgQIECAAAEC9QoIjOrtjcoIECBAgAABAgQIECBAgAABAkUEBEZF2A1KgAABAgQIECBAgAABAgQIEKhXQGBUb29URoAAAQIECBAgQIAAAQIECBAoIiAwKsJuUAIECBAgQIAAAQIECBAgQIBAvQICo3p7ozICBAgQIECAAAECBAgQIECAQBEBgVERdoMSIECAAAECBAgQIECAAAECBOoVEBjV2xuVESBAgAABAgQIECBAgAABAgSKCAiMirAblAABAgQIECBAgAABAgQIECBQr4DAqN7eqIwAAQIECBAgQIAAAQIECBAgUERAYFSE3aAECBAgQIAAAQIECBAgQIAAgXoFBEb19kZlBAgQIECAAAECBAgQIECAAIEiAgKjIuwGJUCAAAECBAgQIECAAAECBAjUKyAwqrc3KiNAgAABAgQIECBAgAABAgQIFBEQGBVhNygBAgQIECBAgAABAgQIECBAoF4BgVG9vVEZAQIECBAgQIAAAQIECBAgQKCIgMCoCLtBCRAgQIAAAQIECBAgQIAAAQL1CgiM6u2NyggQIECAAAECBAgQIECAAAECRQQERkXYDUqAAAECBAgQIECAAAECBAgQqFdAYFRvb1RGgAABAgQIECBAgAABAgQIECgiIDAqwm5QAgQIECBAgAABAgQIECBAgEC9AgKjenujMgIECBAgQIAAAQIECBAgQIBAEQGBURF2gxIgQIAAAQIECBAgQIAAAQIE6hUQGNXbG5URIECAAAECBAgQIECAAAECBIoICIyKsBuUAAECBAgQIECAAAECBAgQIFCvgMCo3t6ojAABAgQIECBAgAABAgQIECBQREBgVITdoAQIECBAgAABAgQIECBAgACBegUERvX2RmUECBAgQIAAAQIECBAgQIAAgSICAqMi7AYlQIAAAQIECBAgQIAAAQIECNQrIDCqtzcqI0CAAAECBAgQIECAAAECBAgUERAYFWE3KAECBAgQIECAAAECBAgQIECgXgGBUb29URkBAgQIECBAgAABAgQIECBAoIiAwKgIu0EJECBAgAABAgQIECBAgAABAvUKCIzq7Y3KCBAgQIAAAQIECBAgQIAAAQJFBARGRdgNSoAAAQIECBAgQIAAAQIECBCoV0BgVG9vVEaAAAECBAgQIECAAAECBAgQKCIgMCrCblACBAgQIECAAAECBAgQIECAQL0CAqN6e6MyAgQIECBAgAABAgQIECBAgEARAYFREXaDEiBAgAABAgQIECBAgAABAgTqFRAY1dsblREgQIAAAQIECBAgQIAAAQIEiggIjIqwG5QAAQIECBAgQIAAAQIECBAgUK+AwKje3qiMAAECBAgQIECAAAECBAgQIFBEQGBUhN2gBAgQIECAAAECBAgQIECAAIF6BQRG9fZGZQQIECBAgAABAgQIECBAgACBIgICoyLsBiVAgAABAgQIECBAgAABAgQI1CsgMKq3NyojQIAAAQIECBAgQIAAAQIECBQREBgVYTcoAQIECBAgQIAAAQIECBAgQKBeAYFRvb1RGQECBAgQIECAAAECBAgQIECgiIDAqAi7QQkQIECAAAECBAgQIECAAAEC9QoIjOrtjcoIECBAgAABAgQIECBAgAABAkUEBEZF2A1KgAABAgQIECBAgAABAgQIEKhXQGBUb29URoAAAQIECBAgQIAAAQIECBAoIiAwKsJuUAIECBAgQIAAAQIECBAgQIBAvQICo3p7ozICBAgQIECAAAECBAgQIECAQBEBgVERdoMSIECAAAECBAgQIECAAAECBOoVEBjV2xuVESBAgAABAgQIECBAgAABAgSKCAiMirAblAABAgQIECBAgAABAgQIECBQr4DAqN7eqIwAAQIECBAgQIAAAQIECBAgUERAYFSE3aAECBAgQIAAAQIECBAgQIAAgXoFBEb19kZlBAgQIECAAAECBAgQIECAAIEiAgKjIuwGJUCAAAECBAgQIECAAAECBAjUKyAwqrc3KiNAgAABAgQIECBAgAABAgQIFBEQGBVhNygBAgQIECBAgAABAgQIECBAoF4BgVG9vVEZAQIECBAgQIAAAQIECBAgQKCIgMCoCLtBCRAgQIAAAQIECBAgQIAAAQL1CgiM6u2NyggQIECAAAECBAgQIECAAAECRQQERkXYDUqAAAECBAgQIECAAAECBAgQqFdAYFRvb1RGgAABAgQIECBAgAABAgQIECgiIDAqwm5QAgQIECBAgAABAgQIECBAgEC9AgKjenujMgIECBAgQIAAAQIECBAgQIBAEQGBURF2gxIgQIAAAQIECBAgQIAAAQIE6hUQGNXbG5URIECAAAECBAgQIECAAAECBIoICIyKsBuUAAECBAgQIECAAAECBAgQIFCvgMCo3t6ojAABAgQIECBAgAABAgQIECBQREBgVITdoAQIECBAgAABAgQIECBAgACBegUERvX2RmUECBAgQIAAAQIECBAgQIAAgSICAqMi7AYlQIAAAQIECBAgQIAAAQIECNQrIDCqtzcqI0CAAAECBAgQIECAAAECBAgUERAYFWE3KAECBAgQIECAAAECBAgQIECgXgGBUb29URkBAgQIECBAgAABAgQIECBAoIiAwKgIu0EJECBAgAABAgQIECBAgAABAvUKCIzq7Y3KCBAgQIAAAQIECBAgQIAAAQJFBARGRdgNSoAAAQIECBAgQIAAAQIECBCoV0BgVG9vVEaAAAECBAgQIECAAAECBAgQKCIgMCrCblACBAgQIECAAAECBAgQIECAQL0CAqN6e6MyAgQIECBAgAABAgQIECBAgEARAYFREXaDEiBAgAABAgQIECBAgAABAgTqFRAY1dsblREgQIAAAQIECBAgQIAAAQIEiggIjIqwG5QAAQIECBAgQIAAAQIECBAgUK+AwKje3qiMAAECBAgQIECAAAECBAgQIFBEQGBUhN2gBAgQIECAAAECBAgQIECAAIF6BQRG9fZGZQQIECBAgAABAgQIECBAgACBIgICoyLsBiVAgAABAgQIECBAgAABAgQI1Cvw/wH9gJTAY8ULtwAAAABJRU5ErkJggg==', 336);

-- --------------------------------------------------------

--
-- Table structure for table `ratings`
--

CREATE TABLE `ratings` (
  `ID` int(11) NOT NULL,
  `RATING` int(2) NOT NULL
) ENGINE=InnoDB DEFAULT CHARSET=utf8 COLLATE=utf8_unicode_ci;

--
-- Dumping data for table `ratings`
--

INSERT INTO `ratings` (`ID`, `RATING`) VALUES
(1, 1),
(2, 2),
(3, 3),
(4, 4),
(5, 5);

-- --------------------------------------------------------

--
-- Table structure for table `roles`
--

CREATE TABLE `roles` (
  `ID` int(11) NOT NULL,
  `ROLE` varchar(250) COLLATE utf8_unicode_ci NOT NULL
) ENGINE=InnoDB DEFAULT CHARSET=utf8 COLLATE=utf8_unicode_ci;

-- --------------------------------------------------------

--
-- Table structure for table `users`
--

CREATE TABLE `users` (
  `ID` int(11) NOT NULL,
  `NAME` varchar(250) COLLATE utf8_unicode_ci NOT NULL,
  `EMAIL` varchar(250) COLLATE utf8_unicode_ci NOT NULL,
  `CONTACT` varchar(250) COLLATE utf8_unicode_ci NOT NULL,
  `PICTURE` varchar(250) COLLATE utf8_unicode_ci NOT NULL,
  `CREATED_AT` timestamp NOT NULL DEFAULT CURRENT_TIMESTAMP,
  `ROLE_ID` int(11) NOT NULL
) ENGINE=InnoDB DEFAULT CHARSET=utf8 COLLATE=utf8_unicode_ci;

--
-- Indexes for dumped tables
--

--
-- Indexes for table `appointments`
--
ALTER TABLE `appointments`
  ADD PRIMARY KEY (`ID`),
  ADD KEY `PATIENTS_ID` (`PATIENTS_ID`),
  ADD KEY `DOCTORS_ID` (`DOCTORS_ID`),
  ADD KEY `STATUS_ID` (`STATUS_ID`);

--
-- Indexes for table `appointment_status`
--
ALTER TABLE `appointment_status`
  ADD PRIMARY KEY (`ID`);

--
-- Indexes for table `districts`
--
ALTER TABLE `districts`
  ADD PRIMARY KEY (`ID`);

--
-- Indexes for table `doctors`
--
ALTER TABLE `doctors`
  ADD PRIMARY KEY (`ID`),
  ADD KEY `SPECIALIZATION_ID` (`SPECIALIZATION_ID`),
  ADD KEY `DISTRICT_ID` (`DISTRICT_ID`);

--
-- Indexes for table `doctors_specialization`
--
ALTER TABLE `doctors_specialization`
  ADD PRIMARY KEY (`ID`);

--
-- Indexes for table `doctors_time_schedule`
--
ALTER TABLE `doctors_time_schedule`
  ADD PRIMARY KEY (`ID`),
  ADD KEY `DISTRICT_ID` (`DISTRICT_ID`),
  ADD KEY `DOCTORS_ID` (`DOCTORS_ID`);

--
-- Indexes for table `feedback`
--
ALTER TABLE `feedback`
  ADD PRIMARY KEY (`ID`),
  ADD KEY `RATING_ID` (`RATING_ID`),
  ADD KEY `APPOINTMENT_ID` (`APPOINTMENT_ID`);

--
-- Indexes for table `history`
--
ALTER TABLE `history`
  ADD PRIMARY KEY (`ID`),
  ADD KEY `PATIENTS_ID` (`PATIENTS_ID`),
  ADD KEY `DOCTORS_ID` (`DOCTORS_ID`),
  ADD KEY `STATUS_ID` (`STATUS_ID`);

--
-- Indexes for table `patients`
--
ALTER TABLE `patients`
  ADD PRIMARY KEY (`ID`);

--
-- Indexes for table `payments`
--
ALTER TABLE `payments`
  ADD PRIMARY KEY (`ID`),
  ADD KEY `APPOINTMENT_ID` (`APPOINTMENT_ID`);

--
-- Indexes for table `prescription`
--
ALTER TABLE `prescription`
  ADD PRIMARY KEY (`ID`),
  ADD KEY `APPOINTMENT_ID` (`APPOINTMENT_ID`);

--
-- Indexes for table `ratings`
--
ALTER TABLE `ratings`
  ADD PRIMARY KEY (`ID`);

--
-- Indexes for table `roles`
--
ALTER TABLE `roles`
  ADD PRIMARY KEY (`ID`);

--
-- Indexes for table `users`
--
ALTER TABLE `users`
  ADD PRIMARY KEY (`ID`),
  ADD KEY `ROLE_ID` (`ROLE_ID`);

--
-- AUTO_INCREMENT for dumped tables
--

--
-- AUTO_INCREMENT for table `appointments`
--
ALTER TABLE `appointments`
  MODIFY `ID` int(11) NOT NULL AUTO_INCREMENT, AUTO_INCREMENT=339;

--
-- AUTO_INCREMENT for table `appointment_status`
--
ALTER TABLE `appointment_status`
  MODIFY `ID` int(11) NOT NULL AUTO_INCREMENT, AUTO_INCREMENT=6;

--
-- AUTO_INCREMENT for table `districts`
--
ALTER TABLE `districts`
  MODIFY `ID` int(11) NOT NULL AUTO_INCREMENT, AUTO_INCREMENT=21;

--
-- AUTO_INCREMENT for table `doctors`
--
ALTER TABLE `doctors`
  MODIFY `ID` int(11) NOT NULL AUTO_INCREMENT, AUTO_INCREMENT=17;

--
-- AUTO_INCREMENT for table `doctors_specialization`
--
ALTER TABLE `doctors_specialization`
  MODIFY `ID` int(11) NOT NULL AUTO_INCREMENT, AUTO_INCREMENT=32;

--
-- AUTO_INCREMENT for table `doctors_time_schedule`
--
ALTER TABLE `doctors_time_schedule`
  MODIFY `ID` int(11) NOT NULL AUTO_INCREMENT, AUTO_INCREMENT=69;

--
-- AUTO_INCREMENT for table `feedback`
--
ALTER TABLE `feedback`
  MODIFY `ID` int(11) NOT NULL AUTO_INCREMENT, AUTO_INCREMENT=9;

--
-- AUTO_INCREMENT for table `history`
--
ALTER TABLE `history`
  MODIFY `ID` int(11) NOT NULL AUTO_INCREMENT;

--
-- AUTO_INCREMENT for table `patients`
--
ALTER TABLE `patients`
  MODIFY `ID` int(11) NOT NULL AUTO_INCREMENT, AUTO_INCREMENT=75;

--
-- AUTO_INCREMENT for table `payments`
--
ALTER TABLE `payments`
  MODIFY `ID` int(11) NOT NULL AUTO_INCREMENT;

--
-- AUTO_INCREMENT for table `prescription`
--
ALTER TABLE `prescription`
  MODIFY `ID` int(11) NOT NULL AUTO_INCREMENT, AUTO_INCREMENT=50;

--
-- AUTO_INCREMENT for table `ratings`
--
ALTER TABLE `ratings`
  MODIFY `ID` int(11) NOT NULL AUTO_INCREMENT, AUTO_INCREMENT=6;

--
-- AUTO_INCREMENT for table `roles`
--
ALTER TABLE `roles`
  MODIFY `ID` int(11) NOT NULL AUTO_INCREMENT;

--
-- AUTO_INCREMENT for table `users`
--
ALTER TABLE `users`
  MODIFY `ID` int(11) NOT NULL AUTO_INCREMENT;

--
-- Constraints for dumped tables
--

--
-- Constraints for table `appointments`
--
ALTER TABLE `appointments`
  ADD CONSTRAINT `APPOINTMENTS_ibfk_1` FOREIGN KEY (`PATIENTS_ID`) REFERENCES `patients` (`ID`) ON DELETE CASCADE ON UPDATE CASCADE,
  ADD CONSTRAINT `APPOINTMENTS_ibfk_2` FOREIGN KEY (`DOCTORS_ID`) REFERENCES `doctors` (`ID`) ON DELETE CASCADE ON UPDATE CASCADE,
  ADD CONSTRAINT `APPOINTMENTS_ibfk_3` FOREIGN KEY (`STATUS_ID`) REFERENCES `appointment_status` (`ID`) ON DELETE CASCADE ON UPDATE CASCADE;

--
-- Constraints for table `doctors`
--
ALTER TABLE `doctors`
  ADD CONSTRAINT `DOCTORS_ibfk_1` FOREIGN KEY (`SPECIALIZATION_ID`) REFERENCES `doctors_specialization` (`ID`) ON DELETE CASCADE ON UPDATE CASCADE,
  ADD CONSTRAINT `DOCTORS_ibfk_2` FOREIGN KEY (`DISTRICT_ID`) REFERENCES `districts` (`ID`);

--
-- Constraints for table `doctors_time_schedule`
--
ALTER TABLE `doctors_time_schedule`
  ADD CONSTRAINT `DOCTORS_TIME_SCHEDULE_ibfk_1` FOREIGN KEY (`DISTRICT_ID`) REFERENCES `districts` (`ID`) ON DELETE CASCADE ON UPDATE CASCADE,
  ADD CONSTRAINT `DOCTORS_TIME_SCHEDULE_ibfk_2` FOREIGN KEY (`DOCTORS_ID`) REFERENCES `doctors` (`ID`) ON DELETE CASCADE ON UPDATE CASCADE;

--
-- Constraints for table `feedback`
--
ALTER TABLE `feedback`
  ADD CONSTRAINT `FEEDBACK_ibfk_1` FOREIGN KEY (`RATING_ID`) REFERENCES `ratings` (`ID`) ON DELETE CASCADE ON UPDATE CASCADE,
  ADD CONSTRAINT `FEEDBACK_ibfk_2` FOREIGN KEY (`APPOINTMENT_ID`) REFERENCES `appointments` (`ID`) ON DELETE CASCADE ON UPDATE CASCADE;

--
-- Constraints for table `history`
--
ALTER TABLE `history`
  ADD CONSTRAINT `HISTORY_ibfk_1` FOREIGN KEY (`PATIENTS_ID`) REFERENCES `patients` (`ID`) ON DELETE CASCADE ON UPDATE CASCADE,
  ADD CONSTRAINT `HISTORY_ibfk_2` FOREIGN KEY (`DOCTORS_ID`) REFERENCES `doctors` (`ID`) ON DELETE CASCADE ON UPDATE CASCADE,
  ADD CONSTRAINT `HISTORY_ibfk_3` FOREIGN KEY (`STATUS_ID`) REFERENCES `appointment_status` (`ID`) ON DELETE CASCADE ON UPDATE CASCADE;

--
-- Constraints for table `payments`
--
ALTER TABLE `payments`
  ADD CONSTRAINT `PAYMENTS_ibfk_1` FOREIGN KEY (`APPOINTMENT_ID`) REFERENCES `appointments` (`ID`) ON DELETE CASCADE ON UPDATE CASCADE;

--
-- Constraints for table `prescription`
--
ALTER TABLE `prescription`
  ADD CONSTRAINT `PRESCRIPTION_ibfk_1` FOREIGN KEY (`APPOINTMENT_ID`) REFERENCES `appointments` (`ID`) ON DELETE CASCADE ON UPDATE CASCADE;

--
-- Constraints for table `users`
--
ALTER TABLE `users`
  ADD CONSTRAINT `USERS_ibfk_1` FOREIGN KEY (`ROLE_ID`) REFERENCES `roles` (`ID`) ON DELETE CASCADE ON UPDATE CASCADE;
COMMIT;

/*!40101 SET CHARACTER_SET_CLIENT=@OLD_CHARACTER_SET_CLIENT */;
/*!40101 SET CHARACTER_SET_RESULTS=@OLD_CHARACTER_SET_RESULTS */;
/*!40101 SET COLLATION_CONNECTION=@OLD_COLLATION_CONNECTION */;
